行政区划代码	行政区划名称	行政区划拼音	上级行政区划代码
110000	北京市	bjs	
110100	北京市	bjs	110000
110101	东城区	dcq	110100
110102	西城区	xcq	110100
110103	崇文区	cwq	110100
110104	宣武区	xwq	110100
110105	朝阳区	cyq	110100
110106	丰台区	ftq	110100
110107	石景山区	sjsq	110100
110108	海淀区	hdq	110100
110109	门头沟区	mtgq	110100
110111	房山区	fsq	110100
110112	通州区	tzq	110100
110113	顺义区	syq	110100
110114	昌平区	cpq	110100
110115	大兴区	dxq	110100
110116	怀柔区	hrq	110100
110117	平谷区	pgq	110100
110228	密云县	myx	110100
110229	延庆县	yqx	110100
120000	天津市	tjs	
120100	天津市	tjs	120000
120101	和平区	hpq	120100
120102	河东区	hdq	120100
120103	河西区	hxq	120100
120104	南开区	nkq	120100
120105	河北区	hbq	120100
120106	红桥区	hqq	120100
120107	塘沽区	tgq	120100
120108	汉沽区	hgq	120100
120109	大港区	dgq	120100
120110	东丽区	dlq	120100
120111	西青区	xqq	120100
120112	津南区	jnq	120100
120113	北辰区	bcq	120100
120114	武清区	wqq	120100
120115	宝坻区	bcq	120100
120221	宁河县	nhx	120100
120223	静海县	jhx	120100
120225	蓟县	jx	120100
130000	河北省	hbs	
130100	石家庄市	sjzs	130000
130102	长安区	caq	130100
130103	桥东区	qdq	130100
130104	桥西区	qxq	130100
130105	新华区	xhq	130100
130107	井陉矿区	jxkq	130100
130108	裕华区	yhq	130100
130121	井陉县	jxx	130100
130123	正定县	zdx	130100
130124	栾城县	lcx	130100
130125	行唐县	xtx	130100
130126	灵寿县	lsx	130100
130127	高邑县	gyx	130100
130128	深泽县	szx	130100
130129	赞皇县	zhx	130100
130130	无极县	wjx	130100
130131	平山县	psx	130100
130132	元氏县	ysx	130100
130133	赵县	zx	130100
130181	辛集市	xjs	130100
130182	藁城市	gcs	130100
130183	晋州市	jzs	130100
130184	新乐市	xls	130100
130185	鹿泉市	lqs	130100
130200	唐山市	tss	130000
130202	路南区	lnq	130200
130203	路北区	lbq	130200
130204	古冶区	gyq	130200
130205	开平区	kpq	130200
130207	丰南区	fnq	130200
130208	丰润区	frq	130200
130223	滦县	lx	130200
130224	滦南县	lnx	130200
130225	乐亭县	ltx	130200
130227	迁西县	qxx	130200
130229	玉田县	ytx	130200
130230	唐海县	thx	130200
130281	遵化市	zhs	130200
130283	迁安市	qas	130200
130300	秦皇岛市	qhds	130000
130302	海港区	hgq	130300
130303	山海关区	shgq	130300
130304	北戴河区	bdhq	130300
130305	经济技术开发区	jjjskfq	130300
130321	青龙满族自治县	qlmzzzx	130300
130322	昌黎县	clx	130300
130323	抚宁县	fnx	130300
130324	卢龙县	llx	130300
130400	邯郸市	hds	130000
130402	邯山区	hsq	130400
130403	丛台区	ctq	130400
130404	复兴区	fxq	130400
130406	峰峰矿区	ffkq	130400
130421	邯郸县	hdx	130400
130423	临漳县	lzx	130400
130424	成安县	cax	130400
130425	大名县	dmx	130400
130426	涉县	sx	130400
130427	磁县	cx	130400
130428	肥乡县	fxx	130400
130429	永年县	ynx	130400
130430	邱县	qx	130400
130431	鸡泽县	jzx	130400
130432	广平县	gpx	130400
130433	馆陶县	gtx	130400
130434	魏县	wx	130400
130435	曲周县	qzx	130400
130481	武安市	was	130400
130500	邢台市	xts	130000
130502	桥东区	qdq	130500
130503	桥西区	qxq	130500
130521	邢台县	xtx	130500
130522	临城县	lcx	130500
130523	内丘县	nqx	130500
130524	柏乡县	bxx	130500
130525	隆尧县	lyx	130500
130526	任县	rx	130500
130527	南和县	nhx	130500
130528	宁晋县	njx	130500
130529	巨鹿县	jlx	130500
130530	新河县	xhx	130500
130531	广宗县	gzx	130500
130532	平乡县	pxx	130500
130533	威县	wx	130500
130534	清河县	qhx	130500
130535	临西县	lxx	130500
130581	南宫市	ngs	130500
130582	沙河市	shs	130500
130600	保定市	bds	130000
130602	新市区	xsq	130600
130603	北市区	bsq	130600
130604	南市区	nsq	130600
130621	满城县	mcx	130600
130622	清苑县	qyx	130600
130623	涞水县	lsx	130600
130624	阜平县	fpx	130600
130625	徐水县	xsx	130600
130626	定兴县	dxx	130600
130627	唐县	tx	130600
130628	高阳县	gyx	130600
130629	容城县	rcx	130600
130630	涞源县	lyx	130600
130631	望都县	wdx	130600
130632	安新县	axx	130600
130633	易县	yx	130600
130634	曲阳县	qyx	130600
130635	蠡县	lx	130600
130636	顺平县	spx	130600
130637	博野县	byx	130600
130638	雄县	xx	130600
130681	涿州市	zzs	130600
130682	定州市	dzs	130600
130683	安国市	ags	130600
130684	高碑店市	gbds	130600
130700	张家口市	zjks	130000
130702	桥东区	qdq	130700
130703	桥西区	qxq	130700
130705	宣化区	xhq	130700
130706	下花园区	xhyq	130700
130721	宣化县	xhx	130700
130722	张北县	zbx	130700
130723	康保县	kbx	130700
130724	沽源县	gyx	130700
130725	尚义县	syx	130700
130726	蔚县	wx	130700
130727	阳原县	yyx	130700
130728	怀安县	hax	130700
130729	万全县	wqx	130700
130730	怀来县	hlx	130700
130731	涿鹿县	zlx	130700
130732	赤城县	ccx	130700
130733	崇礼县	clx	130700
130800	承德市	cds	130000
130802	双桥区	sqq	130800
130803	双滦区	slq	130800
130804	鹰手营子矿区	ysyzkq	130800
130821	承德县	cdx	130800
130822	兴隆县	xlx	130800
130823	平泉县	pqx	130800
130824	滦平县	lpx	130800
130825	隆化县	lhx	130800
130826	丰宁满族自治县	fnmzzzx	130800
130827	宽城满族自治县	kcmzzzx	130800
130828	围场满族蒙古族自治县	wcmzmgzzzx	130800
130900	沧州市	czs	130000
130902	新华区	xhq	130900
130903	运河区	yhq	130900
130921	沧县	cx	130900
130922	青县	qx	130900
130923	东光县	dgx	130900
130924	海兴县	hxx	130900
130925	盐山县	ysx	130900
130926	肃宁县	snx	130900
130927	南皮县	npx	130900
130928	吴桥县	wqx	130900
130929	献县	xx	130900
130930	孟村回族自治县	mchzzzx	130900
130981	泊头市	bts	130900
130982	任丘市	rqs	130900
130983	黄骅市	hhs	130900
130984	河间市	hjs	130900
131000	廊坊市	lfs	130000
131002	安次区	acq	131000
131003	广阳区	gyq	131000
131022	固安县	gax	131000
131023	永清县	yqx	131000
131024	香河县	xhx	131000
131025	大城县	dcx	131000
131026	文安县	wax	131000
131028	大厂回族自治县	dchzzzx	131000
131081	霸州市	bzs	131000
131082	三河市	shs	131000
131100	衡水市	hss	130000
131102	桃城区	tcq	131100
131121	枣强县	zqx	131100
131122	武邑县	wyx	131100
131123	武强县	wqx	131100
131124	饶阳县	ryx	131100
131125	安平县	apx	131100
131126	故城县	gcx	131100
131127	景县	jx	131100
131128	阜城县	fcx	131100
131181	冀州市	jzs	131100
131182	深州市	szs	131100
140000	山西省	sxs	
140100	太原市	tys	140000
140105	小店区	xdq	140100
140106	迎泽区	yzq	140100
140107	杏花岭区	xhlq	140100
140108	尖草坪区	jcpq	140100
140109	万柏林区	wblq	140100
140110	晋源区	jyq	140100
140121	清徐县	qxx	140100
140122	阳曲县	yqx	140100
140123	娄烦县	lfx	140100
140181	古交市	gjs	140100
140200	大同市	dts	140000
140202	城区	cq	140200
140203	矿区	kq	140200
140211	南郊区	njq	140200
140212	新荣区	xrq	140200
140221	阳高县	ygx	140200
140222	天镇县	tzx	140200
140223	广灵县	glx	140200
140224	灵丘县	lqx	140200
140225	浑源县	hyx	140200
140226	左云县	zyx	140200
140227	大同县	dtx	140200
140300	阳泉市	yqs	140000
140302	城区	cq	140300
140303	矿区	kq	140300
140311	郊区	jq	140300
140321	平定县	pdx	140300
140322	盂县	yx	140300
140400	长治市	czs	140000
140402	城区	cq	140400
140411	郊区	jq	140400
140421	长治县	czx	140400
140423	襄垣县	xyx	140400
140424	屯留县	tlx	140400
140425	平顺县	psx	140400
140426	黎城县	lcx	140400
140427	壶关县	hgx	140400
140428	长子县	czx	140400
140429	武乡县	wxx	140400
140430	沁县	qx	140400
140431	沁源县	qyx	140400
140481	潞城市	lcs	140400
140500	晋城市	jcs	140000
140502	城区	cq	140500
140521	沁水县	qsx	140500
140522	阳城县	ycx	140500
140524	陵川县	lcx	140500
140525	泽州县	zzx	140500
140581	高平市	gps	140500
140600	朔州市	szs	140000
140602	朔城区	scq	140600
140603	平鲁区	plq	140600
140621	山阴县	syx	140600
140622	应县	yx	140600
140623	右玉县	yyx	140600
140624	怀仁县	hrx	140600
140700	晋中市	jzs	140000
140702	榆次区	ycq	140700
140721	榆社县	ysx	140700
140722	左权县	zqx	140700
140723	和顺县	hsx	140700
140724	昔阳县	xyx	140700
140725	寿阳县	syx	140700
140726	太谷县	tgx	140700
140727	祁县	qx	140700
140728	平遥县	pyx	140700
140729	灵石县	lsx	140700
140781	介休市	jxs	140700
140800	运城市	ycs	140000
140802	盐湖区	yhq	140800
140821	临猗县	lyx	140800
140822	万荣县	wrx	140800
140823	闻喜县	wxx	140800
140824	稷山县	jsx	140800
140825	新绛县	xjx	140800
140826	绛县	jx	140800
140827	垣曲县	yqx	140800
140828	夏县	xx	140800
140829	平陆县	plx	140800
140830	芮城县	rcx	140800
140881	永济市	yjs	140800
140882	河津市	hjs	140800
140900	忻州市	xzs	140000
140902	忻府区	xfq	140900
140921	定襄县	dxx	140900
140922	五台县	wtx	140900
140923	代县	dx	140900
140924	繁峙县	fzx	140900
140925	宁武县	nwx	140900
140926	静乐县	jlx	140900
140927	神池县	scx	140900
140928	五寨县	wzx	140900
140929	岢岚县	klx	140900
140930	河曲县	hqx	140900
140931	保德县	bdx	140900
140932	偏关县	pgx	140900
140981	原平市	yps	140900
141000	临汾市	lfs	140000
141002	尧都区	ydq	141000
141021	曲沃县	qwx	141000
141022	翼城县	ycx	141000
141023	襄汾县	xfx	141000
141024	洪洞县	hdx	141000
141025	古县	gx	141000
141026	安泽县	azx	141000
141027	浮山县	fsx	141000
141028	吉县	jx	141000
141029	乡宁县	xnx	141000
141030	大宁县	dnx	141000
141031	隰县	xx	141000
141032	永和县	yhx	141000
141033	蒲县	px	141000
141034	汾西县	fxx	141000
141081	侯马市	hms	141000
141082	霍州市	hzs	141000
141100	吕梁市	lls	140000
141102	离石区	lsq	141100
141121	文水县	wsx	141100
141122	交城县	jcx	141100
141123	兴县	xx	141100
141124	临县	lx	141100
141125	柳林县	llx	141100
141126	石楼县	slx	141100
141127	岚县	lx	141100
141128	方山县	fsx	141100
141129	中阳县	zyx	141100
141130	交口县	jkx	141100
141181	孝义市	xys	141100
141182	汾阳市	fys	141100
150000	内蒙古	nmg	
150100	呼和浩特市	hhhts	150000
150102	新城区	xcq	150100
150103	回民区	hmq	150100
150104	玉泉区	yqq	150100
150105	赛罕区	shq	150100
150121	土默特左旗	tmtzq	150100
150122	托克托县	tktx	150100
150123	和林格尔县	hlgex	150100
150124	清水河县	qshx	150100
150125	武川县	wcx	150100
150200	包头市	bts	150000
150202	东河区	dhq	150200
150203	昆都仑区	kdlq	150200
150204	青山区	qsq	150200
150205	石拐区	sgq	150200
150206	白云矿区	bykq	150200
150207	九原区	jyq	150200
150221	土默特右旗	tmtyq	150200
150222	固阳县	gyx	150200
150223	达尔罕茂明安联合旗	dehmmalhq	150200
150300	乌海市	whs	150000
150302	海勃湾区	hbwq	150300
150303	海南区	hnq	150300
150304	乌达区	wdq	150300
150400	赤峰市	cfs	150000
150402	红山区	hsq	150400
150403	元宝山区	ybsq	150400
150404	松山区	ssq	150400
150421	阿鲁科尔沁旗	alkeqq	150400
150422	巴林左旗	blzq	150400
150423	巴林右旗	blyq	150400
150424	林西县	lxx	150400
150425	克什克腾旗	ksktq	150400
150426	翁牛特旗	wntq	150400
150428	喀喇沁旗	klqq	150400
150429	宁城县	ncx	150400
150430	敖汉旗	ahq	150400
150500	通辽市	tls	150000
150502	科尔沁区	keqq	150500
150521	科尔沁左翼中旗	keqzyzq	150500
150522	科尔沁左翼后旗	keqzyhq	150500
150523	开鲁县	klx	150500
150524	库伦旗	klq	150500
150525	奈曼旗	nmq	150500
150526	扎鲁特旗	zltq	150500
150581	霍林郭勒市	hlgls	150500
150600	鄂尔多斯市	eedss	150000
150602	东胜区	dsq	150600
150621	达拉特旗	dltq	150600
150622	准格尔旗	zgeq	150600
150623	鄂托克前旗	etkqq	150600
150624	鄂托克旗	etkq	150600
150625	杭锦旗	hjq	150600
150626	乌审旗	wsq	150600
150627	伊金霍洛旗	yjhlq	150600
150700	呼伦贝尔市	hlbes	150000
150702	海拉尔区	hleq	150700
150721	阿荣旗	arq	150700
150722	莫力达瓦达斡尔族自治旗	mldwdwezzzq	150700
150723	鄂伦春自治旗	elczzq	150700
150724	鄂温克族自治旗	ewkzzzq	150700
150725	陈巴尔虎旗	cbehq	150700
150726	新巴尔虎左旗	xbehzq	150700
150727	新巴尔虎右旗	xbehyq	150700
150781	满洲里市	mzls	150700
150782	牙克石市	ykss	150700
150783	扎兰屯市	zlts	150700
150784	额尔古纳市	eegns	150700
150785	根河市	ghs	150700
150800	巴彦淖尔市	bynes	150000
150802	临河区	lhq	150800
150821	五原县	wyx	150800
150822	磴口县	dkx	150800
150823	乌拉特前旗	wltqq	150800
150824	乌拉特中旗	wltzq	150800
150825	乌拉特后旗	wlthq	150800
150826	杭锦后旗	hjhq	150800
150900	乌兰察布市	wlcbs	150000
150902	集宁区	jnq	150900
150921	卓资县	zzx	150900
150922	化德县	hdx	150900
150923	商都县	sdx	150900
150924	兴和县	xhx	150900
150925	凉城县	lcx	150900
150926	察哈尔右翼前旗	cheyyqq	150900
150927	察哈尔右翼中旗	cheyyzq	150900
150928	察哈尔右翼后旗	cheyyhq	150900
150929	四子王旗	szwq	150900
150981	丰镇市	fzs	150900
152200	兴安盟	xam	150000
152201	乌兰浩特市	wlhts	152200
152202	阿尔山市	aess	152200
152221	科尔沁右翼前旗	keqyyqq	152200
152222	科尔沁右翼中旗	keqyyzq	152200
152223	扎赉特旗	zltq	152200
152224	突泉县	tqx	152200
152500	锡林郭勒盟	xlglm	150000
152501	二连浩特市	elhts	152500
152502	锡林浩特市	xlhts	152500
152522	阿巴嘎旗	abgq	152500
152523	苏尼特左旗	sntzq	152500
152524	苏尼特右旗	sntyq	152500
152525	东乌珠穆沁旗	dwzmqq	152500
152526	西乌珠穆沁旗	xwzmqq	152500
152527	太仆寺旗	tpsq	152500
152528	镶黄旗	xhq	152500
152529	正镶白旗	zxbq	152500
152530	正蓝旗	zlq	152500
152531	多伦县	dlx	152500
152600	乌兰察布盟	wlcbm	150000
152900	阿拉善盟	alsm	150000
152921	阿拉善左旗	alszq	152900
152922	阿拉善右旗	alsyq	152900
152923	额济纳旗	ejnq	152900
210000	辽宁省	lns	
210100	沈阳市	sys	210000
210102	和平区	hpq	210100
210103	沈河区	shq	210100
210104	大东区	ddq	210100
210105	皇姑区	hgq	210100
210106	铁西区	txq	210100
210111	苏家屯区	sjtq	210100
210112	东陵区	dlq	210100
210113	新城子区	xczq	210100
210114	于洪区	yhq	210100
210122	辽中县	lzx	210100
210123	康平县	kpx	210100
210124	法库县	fkx	210100
210181	新民市	xms	210100
210200	大连市	dls	210000
210202	中山区	zsq	210200
210203	西岗区	xgq	210200
210204	沙河口区	shkq	210200
210211	甘井子区	gjzq	210200
210212	旅顺口区	lskq	210200
210213	金州区	jzq	210200
210224	长海县	chx	210200
210281	瓦房店市	wfds	210200
210282	普兰店市	plds	210200
210283	庄河市	zhs	210200
210300	鞍山市	ass	210000
210302	铁东区	tdq	210300
210303	铁西区	txq	210300
210304	立山区	lsq	210300
210311	千山区	qsq	210300
210321	台安县	tax	210300
210323	岫岩满族自治县	xymzzzx	210300
210381	海城市	hcs	210300
210400	抚顺市	fss	210000
210402	新抚区	xfq	210400
210403	东洲区	dzq	210400
210404	望花区	whq	210400
210411	顺城区	scq	210400
210421	抚顺县	fsx	210400
210422	新宾满族自治县	xbmzzzx	210400
210423	清原满族自治县	qymzzzx	210400
210500	本溪市	bxs	210000
210502	平山区	psq	210500
210503	溪湖区	xhq	210500
210504	明山区	msq	210500
210505	南芬区	nfq	210500
210521	本溪满族自治县	bxmzzzx	210500
210522	桓仁满族自治县	hrmzzzx	210500
210600	丹东市	dds	210000
210602	元宝区	ybq	210600
210603	振兴区	zxq	210600
210604	振安区	zaq	210600
210624	宽甸满族自治县	kdmzzzx	210600
210681	东港市	dgs	210600
210682	凤城市	fcs	210600
210700	锦州市	jzs	210000
210702	古塔区	gtq	210700
210703	凌河区	lhq	210700
210711	太和区	thq	210700
210726	黑山县	hsx	210700
210727	义县	yx	210700
210781	凌海市	lhs	210700
210782	北宁市	bns	210700
210800	营口市	yks	210000
210802	站前区	zqq	210800
210803	西市区	xsq	210800
210804	鲅鱼圈区	byqq	210800
210811	老边区	lbq	210800
210881	盖州市	gzs	210800
210882	大石桥市	dsqs	210800
210900	阜新市	fxs	210000
210902	海州区	hzq	210900
210903	新邱区	xqq	210900
210904	太平区	tpq	210900
210905	清河门区	qhmq	210900
210911	细河区	xhq	210900
210921	阜新蒙古族自治县	fxmgzzzx	210900
210922	彰武县	zwx	210900
211000	辽阳市	lys	210000
211002	白塔区	btq	211000
211003	文圣区	wsq	211000
211004	宏伟区	hwq	211000
211005	弓长岭区	gclq	211000
211011	太子河区	tzhq	211000
211021	辽阳县	lyx	211000
211081	灯塔市	dts	211000
211100	盘锦市	pjs	210000
211102	双台子区	stzq	211100
211103	兴隆台区	xltq	211100
211121	大洼县	dwx	211100
211122	盘山县	psx	211100
211200	铁岭市	tls	210000
211202	银州区	yzq	211200
211204	清河区	qhq	211200
211221	铁岭县	tlx	211200
211223	西丰县	xfx	211200
211224	昌图县	ctx	211200
211281	调兵山市	dbss	211200
211282	开原市	kys	211200
211300	朝阳市	cys	210000
211302	双塔区	stq	211300
211303	龙城区	lcq	211300
211321	朝阳县	cyx	211300
211322	建平县	jpx	211300
211324	喀喇沁左翼蒙古族自治县	klqzymgzzzx	211300
211381	北票市	bps	211300
211382	凌源市	lys	211300
211400	葫芦岛市	hlds	210000
211402	连山区	lsq	211400
211403	龙港区	lgq	211400
211404	南票区	npq	211400
211421	绥中县	szx	211400
211422	建昌县	jcx	211400
211481	兴城市	xcs	211400
220000	吉林省	jls	
220100	长春市	ccs	220000
220102	南关区	ngq	220100
220103	宽城区	kcq	220100
220104	朝阳区	cyq	220100
220105	二道区	edq	220100
220106	绿园区	lyq	220100
220112	双阳区	syq	220100
220122	农安县	nax	220100
220181	九台市	jts	220100
220182	榆树市	yss	220100
220183	德惠市	dhs	220100
220200	吉林市	jls	220000
220202	昌邑区	cyq	220200
220203	龙潭区	ltq	220200
220204	船营区	cyq	220200
220211	丰满区	fmq	220200
220221	永吉县	yjx	220200
220281	蛟河市	jhs	220200
220282	桦甸市	hds	220200
220283	舒兰市	sls	220200
220284	磐石市	pss	220200
220300	四平市	sps	220000
220302	铁西区	txq	220300
220303	铁东区	tdq	220300
220322	梨树县	lsx	220300
220323	伊通满族自治县	ytmzzzx	220300
220381	公主岭市	gzls	220300
220382	双辽市	sls	220300
220400	辽源市	lys	220000
220402	龙山区	lsq	220400
220403	西安区	xaq	220400
220421	东丰县	dfx	220400
220422	东辽县	dlx	220400
220500	通化市	ths	220000
220502	东昌区	dcq	220500
220503	二道江区	edjq	220500
220521	通化县	thx	220500
220523	辉南县	hnx	220500
220524	柳河县	lhx	220500
220581	梅河口市	mhks	220500
220582	集安市	jas	220500
220600	白山市	bss	220000
220602	八道江区	bdjq	220600
220621	抚松县	fsx	220600
220622	靖宇县	jyx	220600
220623	长白朝鲜族自治县	cbcxzzzx	220600
220625	江源县	jyx	220600
220681	临江市	ljs	220600
220700	松原市	sys	220000
220702	宁江区	njq	220700
220721	前郭尔罗斯蒙古族自治县	qgelsmgzzzx	220700
220722	长岭县	clx	220700
220723	乾安县	qax	220700
220724	扶余县	fyx	220700
220800	白城市	bcs	220000
220802	洮北区	tbq	220800
220821	镇赉县	zlx	220800
220822	通榆县	tyx	220800
220881	洮南市	tns	220800
220882	大安市	das	220800
222400	延边州	ybz	220000
222401	延吉市	yjs	222400
222402	图们市	tms	222400
222403	敦化市	dhs	222400
222404	珲春市	hcs	222400
222405	龙井市	ljs	222400
222406	和龙市	hls	222400
222424	汪清县	wqx	222400
222426	安图县	atx	222400
230000	黑龙江省	hljs	
230100	哈尔滨市	hebs	230000
230102	道里区	dlq	230100
230103	南岗区	ngq	230100
230104	道外区	dwq	230100
230105	太平区	tpq	230100
230106	香坊区	xfq	230100
230107	动力区	dlq	230100
230108	平房区	pfq	230100
230121	呼兰县	hlx	230100
230123	依兰县	ylx	230100
230124	方正县	fzx	230100
230125	宾县	bx	230100
230126	巴彦县	byx	230100
230127	木兰县	mlx	230100
230128	通河县	thx	230100
230129	延寿县	ysx	230100
230181	阿城市	acs	230100
230182	双城市	scs	230100
230183	尚志市	szs	230100
230184	五常市	wcs	230100
230200	齐齐哈尔市	qqhes	230000
230202	龙沙区	lsq	230200
230203	建华区	jhq	230200
230204	铁锋区	tfq	230200
230205	昂昂溪区	aaxq	230200
230206	富拉尔基区	flejq	230200
230207	碾子山区	nzsq	230200
230208	梅里斯达斡尔族区	mlsdwezq	230200
230221	龙江县	ljx	230200
230223	依安县	yax	230200
230224	泰来县	tlx	230200
230225	甘南县	gnx	230200
230227	富裕县	fyx	230200
230229	克山县	ksx	230200
230230	克东县	kdx	230200
230231	拜泉县	bqx	230200
230281	讷河市	nhs	230200
230300	鸡西市	jxs	230000
230302	鸡冠区	jgq	230300
230303	恒山区	hsq	230300
230304	滴道区	ddq	230300
230305	梨树区	lsq	230300
230306	城子河区	czhq	230300
230307	麻山区	msq	230300
230321	鸡东县	jdx	230300
230381	虎林市	hls	230300
230382	密山市	mss	230300
230400	鹤岗市	hgs	230000
230402	向阳区	xyq	230400
230403	工农区	gnq	230400
230404	南山区	nsq	230400
230405	兴安区	xaq	230400
230406	东山区	dsq	230400
230407	兴山区	xsq	230400
230421	萝北县	lbx	230400
230422	绥滨县	sbx	230400
230500	双鸭山市	syss	230000
230502	尖山区	jsq	230500
230503	岭东区	ldq	230500
230505	四方台区	sftq	230500
230506	宝山区	bsq	230500
230521	集贤县	jxx	230500
230522	友谊县	yyx	230500
230523	宝清县	bqx	230500
230524	饶河县	rhx	230500
230600	大庆市	dqs	230000
230602	萨尔图区	setq	230600
230603	龙凤区	lfq	230600
230604	让胡路区	rhlq	230600
230605	红岗区	hgq	230600
230606	大同区	dtq	230600
230621	肇州县	zzx	230600
230622	肇源县	zyx	230600
230623	林甸县	ldx	230600
230624	杜尔伯特蒙古族自治县	debtmgzzzx	230600
230700	伊春市	ycs	230000
230702	伊春区	ycq	230700
230703	南岔区	ncq	230700
230704	友好区	yhq	230700
230705	西林区	xlq	230700
230706	翠峦区	clq	230700
230707	新青区	xqq	230700
230708	美溪区	mxq	230700
230709	金山屯区	jstq	230700
230710	五营区	wyq	230700
230711	乌马河区	wmhq	230700
230712	汤旺河区	twhq	230700
230713	带岭区	dlq	230700
230714	乌伊岭区	wylq	230700
230715	红星区	hxq	230700
230716	上甘岭区	sglq	230700
230722	嘉荫县	jyx	230700
230781	铁力市	tls	230700
230800	佳木斯市	jmss	230000
230802	永红区	yhq	230800
230803	向阳区	xyq	230800
230804	前进区	qjq	230800
230805	东风区	dfq	230800
230811	郊区	jq	230800
230812	建三江农垦分局	jsjnkfj	230800
230822	桦南县	hnx	230800
230826	桦川县	hcx	230800
230828	汤原县	tyx	230800
230833	抚远县	fyx	230800
230881	同江市	tjs	230800
230882	富锦市	fjs	230800
230900	七台河市	qths	230000
230902	新兴区	xxq	230900
230903	桃山区	tsq	230900
230904	茄子河区	qzhq	230900
230921	勃利县	blx	230900
231000	牡丹江市	mdjs	230000
231002	东安区	daq	231000
231003	阳明区	ymq	231000
231004	爱民区	amq	231000
231005	西安区	xaq	231000
231024	东宁县	dnx	231000
231025	林口县	lkx	231000
231081	绥芬河市	sfhs	231000
231083	海林市	hls	231000
231084	宁安市	nas	231000
231085	穆棱市	mls	231000
231100	黑河市	hhs	230000
231102	爱辉区	ahq	231100
231121	嫩江县	njx	231100
231123	逊克县	xkx	231100
231124	孙吴县	swx	231100
231181	北安市	bas	231100
231182	五大连池市	wdlcs	231100
231200	绥化市	shs	230000
231202	北林区	blq	231200
231221	望奎县	wkx	231200
231222	兰西县	lxx	231200
231223	青冈县	qgx	231200
231224	庆安县	qax	231200
231225	明水县	msx	231200
231226	绥棱县	slx	231200
231281	安达市	ads	231200
231282	肇东市	zds	231200
231283	海伦市	hls	231200
232700	大兴安岭地区	dxaldq	230000
232711	松岭区	slq	232700
232712	新林区	xlq	232700
232713	呼中区	hzq	232700
232720	加格达奇	jgdq	232700
232721	呼玛县	hmx	232700
232722	塔河县	thx	232700
232723	漠河县	mhx	232700
310000	上海市	shs	
310101	黄浦区	hpq	310000
310103	卢湾区	lwq	310000
310104	徐汇区	xhq	310000
310105	长宁区	cnq	310000
310106	静安区	jaq	310000
310107	普陀区	ptq	310000
310108	闸北区	zbq	310000
310109	虹口区	hkq	310000
310110	杨浦区	ypq	310000
310112	闵行区	mxq	310000
310113	宝山区	bsq	310000
310114	嘉定区	jdq	310000
310115	浦东新区	pdxq	310000
310116	金山区	jsq	310000
310117	松江区	sjq	310000
310118	青浦区	qpq	310000
310119	南汇区	nhq	310000
310120	奉贤区	fxq	310000
310230	崇明县	cmx	310000
320000	江苏省	jss	
320100	南京市	njs	320000
320102	玄武区	xwq	320100
320103	白下区	bxq	320100
320104	秦淮区	qhq	320100
320105	建邺区	jyq	320100
320106	鼓楼区	glq	320100
320107	下关区	xgq	320100
320111	浦口区	pkq	320100
320113	栖霞区	qxq	320100
320114	雨花台区	yhtq	320100
320115	江宁区	jnq	320100
320116	六合区	lhq	320100
320124	溧水县	lsx	320100
320125	高淳县	gcx	320100
320200	无锡市	wxs	320000
320202	崇安区	caq	320200
320203	南长区	ncq	320200
320204	北塘区	btq	320200
320205	锡山区	xsq	320200
320206	惠山区	hsq	320200
320211	滨湖区	bhq	320200
320212	新区	xq	320200
320281	江阴市	jys	320200
320282	宜兴市	yxs	320200
320300	徐州市	xzs	320000
320302	鼓楼区	glq	320300
320303	云龙区	ylq	320300
320304	九里区	jlq	320300
320305	贾汪区	jwq	320300
320311	泉山区	qsq	320300
320321	丰县	fx	320300
320322	沛县	px	320300
320323	铜山县	tsx	320300
320324	睢宁县	snx	320300
320381	新沂市	xys	320300
320382	邳州市	pzs	320300
320400	常州市	czs	320000
320402	天宁区	tnq	320400
320404	钟楼区	zlq	320400
320405	戚墅堰区	qsyq	320400
320411	新北区	xbq	320400
320412	武进区	wjq	320400
320481	溧阳市	lys	320400
320482	金坛市	jts	320400
320500	苏州市	szs	320000
320502	沧浪区	clq	320500
320503	平江区	pjq	320500
320504	金阊区	jcq	320500
320505	虎丘区	hqq	320500
320506	吴中区	wzq	320500
320507	相城区	xcq	320500
320581	常熟市	css	320500
320582	张家港市	zjgs	320500
320583	昆山市	kss	320500
320584	吴江市	wjs	320500
320585	太仓市	tcs	320500
320600	南通市	nts	320000
320602	崇川区	ccq	320600
320611	港闸区	gzq	320600
320621	海安县	hax	320600
320623	如东县	rdx	320600
320681	启东市	qds	320600
320682	如皋市	rgs	320600
320683	通州市	tzs	320600
320684	海门市	hms	320600
320700	连云港市	lygs	320000
320703	连云区	lyq	320700
320705	新浦区	xpq	320700
320706	海州区	hzq	320700
320721	赣榆县	gyx	320700
320722	东海县	dhx	320700
320723	灌云县	gyx	320700
320724	灌南县	gnx	320700
320800	淮安市	has	320000
320802	清河区	qhq	320800
320803	楚州区	czq	320800
320804	淮阴区	hyq	320800
320811	清浦区	qpq	320800
320826	涟水县	lsx	320800
320829	洪泽县	hzx	320800
320830	盱眙县	xyx	320800
320831	金湖县	jhx	320800
320900	盐城市	ycs	320000
320902	亭湖区	thq	320900
320903	盐都区	ydq	320900
320921	响水县	xsx	320900
320922	滨海县	bhx	320900
320923	阜宁县	fnx	320900
320924	射阳县	syx	320900
320925	建湖县	jhx	320900
320981	东台市	dts	320900
320982	大丰市	dfs	320900
321000	扬州市	yzs	320000
321002	广陵区	glq	321000
321003	邗江区	hjq	321000
321011	维扬区	wyq	321000
321012	经济开发区	jjkfq	321000
321013	胥浦区	xpq	321000
321023	宝应县	byx	321000
321081	仪征市	yzs	321000
321084	高邮市	gys	321000
321088	江都市	jds	321000
321100	镇江市	zjs	320000
321102	京口区	jkq	321100
321111	润州区	rzq	321100
321112	丹徒区	dtq	321100
321181	丹阳市	dys	321100
321182	扬中市	yzs	321100
321183	句容市	jrs	321100
321200	泰州市	tzs	320000
321202	海陵区	hlq	321200
321203	高港区	ggq	321200
321281	兴化市	xhs	321200
321282	靖江市	jjs	321200
321283	泰兴市	txs	321200
321284	姜堰市	jys	321200
321300	宿迁市	sqs	320000
321302	宿城区	scq	321300
321321	宿豫县	syx	321300
321322	沭阳县	syx	321300
321323	泗阳县	syx	321300
321324	泗洪县	shx	321300
330000	浙江省	zjs	
330100	杭州市	hzs	330000
330102	上城区	scq	330100
330103	下城区	xcq	330100
330104	江干区	jgq	330100
330105	拱墅区	gsq	330100
330106	西湖区	xhq	330100
330108	滨江区	bjq	330100
330109	萧山区	xsq	330100
330110	余杭区	yhq	330100
330122	桐庐县	tlx	330100
330127	淳安县	cax	330100
330182	建德市	jds	330100
330183	富阳市	fys	330100
330185	临安市	las	330100
330200	宁波市	nbs	330000
330203	海曙区	hsq	330200
330204	江东区	jdq	330200
330205	江北区	jbq	330200
330206	北仑区	blq	330200
330211	镇海区	zhq	330200
330212	鄞州区	yzq	330200
330225	象山县	xsx	330200
330226	宁海县	nhx	330200
330281	余姚市	yys	330200
330282	慈溪市	cxs	330200
330283	奉化市	fhs	330200
330300	温州市	wzs	330000
330302	鹿城区	lcq	330300
330303	龙湾区	lwq	330300
330304	瓯海区	ohq	330300
330322	洞头县	dtx	330300
330324	永嘉县	yjx	330300
330326	平阳县	pyx	330300
330327	苍南县	cnx	330300
330328	文成县	wcx	330300
330329	泰顺县	tsx	330300
330381	瑞安市	ras	330300
330382	乐清市	lqs	330300
330400	嘉兴市	jxs	330000
330402	秀城区	xcq	330400
330411	秀洲区	xzq	330400
330421	嘉善县	jsx	330400
330424	海盐县	hyx	330400
330481	海宁市	hns	330400
330482	平湖市	phs	330400
330483	桐乡市	txs	330400
330500	湖州市	hzs	330000
330502	吴兴区	wxq	330500
330503	南浔区	nxq	330500
330521	德清县	dqx	330500
330522	长兴县	cxx	330500
330523	安吉县	ajx	330500
330600	绍兴市	sxs	330000
330602	越城区	ycq	330600
330621	绍兴县	sxx	330600
330624	新昌县	xcx	330600
330681	诸暨市	zjs	330600
330682	上虞市	sys	330600
330683	嵊州市	szs	330600
330700	金华市	jhs	330000
330702	婺城区	wcq	330700
330703	金东区	jdq	330700
330723	武义县	wyx	330700
330726	浦江县	pjx	330700
330727	磐安县	pax	330700
330781	兰溪市	lxs	330700
330782	义乌市	yws	330700
330783	东阳市	dys	330700
330784	永康市	yks	330700
330800	衢州市	qzs	330000
330802	柯城区	kcq	330800
330803	衢江区	qjq	330800
330822	常山县	csx	330800
330824	开化县	khx	330800
330825	龙游县	lyx	330800
330881	江山市	jss	330800
330900	舟山市	zss	330000
330902	定海区	dhq	330900
330903	普陀区	ptq	330900
330921	岱山县	dsx	330900
330922	嵊泗县	ssx	330900
331000	台州市	tzs	330000
331002	椒江区	jjq	331000
331003	黄岩区	hyq	331000
331004	路桥区	lqq	331000
331021	玉环县	yhx	331000
331022	三门县	smx	331000
331023	天台县	ttx	331000
331024	仙居县	xjx	331000
331081	温岭市	wls	331000
331082	临海市	lhs	331000
331100	丽水市	lss	330000
331102	莲都区	ldq	331100
331121	青田县	qtx	331100
331122	缙云县	jyx	331100
331123	遂昌县	scx	331100
331124	松阳县	syx	331100
331125	云和县	yhx	331100
331126	庆元县	qyx	331100
331127	景宁畲族自治县	jnszzzx	331100
331181	龙泉市	lqs	331100
340000	安徽省	ahs	
340100	合肥市	hfs	340000
340102	瑶海区	yhq	340100
340103	庐阳区	lyq	340100
340104	蜀山区	ssq	340100
340111	包河区	bhq	340100
340121	长丰县	cfx	340100
340122	肥东县	fdx	340100
340123	肥西县	fxx	340100
340200	芜湖市	whs	340000
340202	镜湖区	jhq	340200
340203	弋江区	yjq	340200
340204	新芜区	xwq	340200
340207	鸠江区	jjq	340200
340208	三山区	ssq	340200
340221	芜湖县	whx	340200
340222	繁昌县	fcx	340200
340223	南陵县	nlx	340200
340300	蚌埠市	bbs	340000
340312	蚌山区	bsq	340300
340313	淮上区	hsq	340300
340314	龙子湖区	lzhq	340300
340315	禹会区	yhq	340300
340321	怀远县	hyx	340300
340322	五河县	whx	340300
340323	固镇县	gzx	340300
340400	淮南市	hns	340000
340402	大通区	dtq	340400
340403	田家庵区	tjaq	340400
340404	谢家集区	xjjq	340400
340405	八公山区	bgsq	340400
340406	潘集区	pjq	340400
340421	凤台县	ftx	340400
340500	马鞍山市	mass	340000
340502	金家庄区	jjzq	340500
340503	花山区	hsq	340500
340504	雨山区	ysq	340500
340521	当涂县	dtx	340500
340600	淮北市	hbs	340000
340602	杜集区	djq	340600
340603	相山区	xsq	340600
340604	烈山区	lsq	340600
340621	濉溪县	sxx	340600
340700	铜陵市	tls	340000
340702	铜官山区	tgsq	340700
340703	狮子山区	szsq	340700
340711	郊区	jq	340700
340721	铜陵县	tlx	340700
340800	安庆市	aqs	340000
340802	迎江区	yjq	340800
340803	大观区	dgq	340800
340811	宜秀区	yxq	340800
340822	怀宁县	hnx	340800
340823	枞阳县	zyx	340800
340824	潜山县	qsx	340800
340825	太湖县	thx	340800
340826	宿松县	ssx	340800
340827	望江县	wjx	340800
340828	岳西县	yxx	340800
340881	桐城市	tcs	340800
341000	黄山市	hss	340000
341002	屯溪区	txq	341000
341003	黄山区	hsq	341000
341004	徽州区	hzq	341000
341021	歙县	sx	341000
341022	休宁县	xnx	341000
341023	黟县	yx	341000
341024	祁门县	qmx	341000
341100	滁州市	czs	340000
341102	琅琊区	lyq	341100
341103	南谯区	nqq	341100
341122	来安县	lax	341100
341124	全椒县	qjx	341100
341125	定远县	dyx	341100
341126	凤阳县	fyx	341100
341181	天长市	tcs	341100
341182	明光市	mgs	341100
341200	阜阳市	fys	340000
341202	颍州区	yzq	341200
341203	颍东区	ydq	341200
341204	颍泉区	yqq	341200
341221	临泉县	lqx	341200
341222	太和县	thx	341200
341225	阜南县	fnx	341200
341226	颍上县	ysx	341200
341282	界首市	jss	341200
341300	宿州市	szs	340000
341302	墉桥区	yqq	341300
341321	砀山县	dsx	341300
341322	萧县	xx	341300
341323	灵璧县	lbx	341300
341324	泗县	sx	341300
341400	巢湖市	chs	340000
341402	居巢区	jcq	341400
341421	庐江县	ljx	341400
341422	无为县	wwx	341400
341423	含山县	hsx	341400
341424	和县	hx	341400
341500	六安市	las	340000
341502	金安区	jaq	341500
341503	裕安区	yaq	341500
341521	寿县	sx	341500
341522	霍邱县	hqx	341500
341523	舒城县	scx	341500
341524	金寨县	jzx	341500
341525	霍山县	hsx	341500
341600	亳州市	bzs	340000
341602	谯城区	qcq	341600
341621	涡阳县	wyx	341600
341622	蒙城县	mcx	341600
341623	利辛县	lxx	341600
341700	池州市	czs	340000
341702	贵池区	gcq	341700
341721	东至县	dzx	341700
341722	石台县	stx	341700
341723	青阳县	qyx	341700
341800	宣城市	xcs	340000
341802	宣州区	xzq	341800
341821	郎溪县	lxx	341800
341822	广德县	gdx	341800
341823	泾县	jx	341800
341824	绩溪县	jxx	341800
341825	旌德县	jdx	341800
341881	宁国市	ngs	341800
350000	福建省	fjs	
350100	福州市	fzs	350000
350102	鼓楼区	glq	350100
350103	台江区	tjq	350100
350104	仓山区	csq	350100
350105	马尾区	mwq	350100
350111	晋安区	jaq	350100
350121	闽侯县	mhx	350100
350122	连江县	ljx	350100
350123	罗源县	lyx	350100
350124	闽清县	mqx	350100
350125	永泰县	ytx	350100
350128	平潭县	ptx	350100
350181	福清市	fqs	350100
350182	长乐市	cls	350100
350200	厦门市	xms	350000
350203	思明区	smq	350200
350205	海沧区	hcq	350200
350206	湖里区	hlq	350200
350211	集美区	jmq	350200
350212	同安区	taq	350200
350213	翔安区	xaq	350200
350300	莆田市	pts	350000
350302	城厢区	cxq	350300
350303	涵江区	hjq	350300
350304	荔城区	lcq	350300
350305	秀屿区	xyq	350300
350322	仙游县	xyx	350300
350400	三明市	sms	350000
350402	梅列区	mlq	350400
350403	三元区	syq	350400
350421	明溪县	mxx	350400
350423	清流县	qlx	350400
350424	宁化县	nhx	350400
350425	大田县	dtx	350400
350426	尤溪县	yxx	350400
350427	沙县	sx	350400
350428	将乐县	jlx	350400
350429	泰宁县	tnx	350400
350430	建宁县	jnx	350400
350481	永安市	yas	350400
350500	泉州市	qzs	350000
350502	鲤城区	lcq	350500
350503	丰泽区	fzq	350500
350504	洛江区	ljq	350500
350505	泉港区	qgq	350500
350521	惠安县	hax	350500
350524	安溪县	axx	350500
350525	永春县	ycx	350500
350526	德化县	dhx	350500
350527	金门县	jmx	350500
350581	石狮市	sss	350500
350582	晋江市	jjs	350500
350583	南安市	nas	350500
350600	漳州市	zzs	350000
350602	芗城区	xcq	350600
350603	龙文区	lwq	350600
350622	云霄县	yxx	350600
350623	漳浦县	zpx	350600
350624	诏安县	zax	350600
350625	长泰县	ctx	350600
350626	东山县	dsx	350600
350627	南靖县	njx	350600
350628	平和县	phx	350600
350629	华安县	hax	350600
350681	龙海市	lhs	350600
350700	南平市	nps	350000
350702	延平区	ypq	350700
350721	顺昌县	scx	350700
350722	浦城县	pcx	350700
350723	光泽县	gzx	350700
350724	松溪县	sxx	350700
350725	政和县	zhx	350700
350781	邵武市	sws	350700
350782	武夷山市	wyss	350700
350783	建瓯市	jos	350700
350784	建阳市	jys	350700
350800	龙岩市	lys	350000
350802	新罗区	xlq	350800
350821	长汀县	ctx	350800
350822	永定县	ydx	350800
350823	上杭县	shx	350800
350824	武平县	wpx	350800
350825	连城县	lcx	350800
350881	漳平市	zps	350800
350900	宁德市	nds	350000
350902	蕉城区	qcq	350900
350921	霞浦县	xpx	350900
350922	古田县	gtx	350900
350923	屏南县	pnx	350900
350924	寿宁县	snx	350900
350925	周宁县	znx	350900
350926	柘荣县	zrx	350900
350981	福安市	fas	350900
350982	福鼎市	fds	350900
360000	江西省	jxs	
360100	南昌市	ncs	360000
360102	东湖区	dhq	360100
360103	西湖区	xhq	360100
360104	青云谱区	qypq	360100
360105	湾里区	wlq	360100
360111	青山湖区	qshq	360100
360121	南昌县	ncx	360100
360122	新建县	xjx	360100
360123	安义县	ayx	360100
360124	进贤县	jxx	360100
360200	景德镇市	jdzs	360000
360202	昌江区	cjq	360200
360203	珠山区	zsq	360200
360222	浮梁县	flx	360200
360281	乐平市	lps	360200
360300	萍乡市	pxs	360000
360302	安源区	ayq	360300
360313	湘东区	xdq	360300
360321	莲花县	lhx	360300
360322	上栗县	slx	360300
360323	芦溪县	lxx	360300
360400	九江市	jjs	360000
360402	庐山区	lsq	360400
360403	浔阳区	xyq	360400
360421	九江县	jjx	360400
360423	武宁县	wnx	360400
360424	修水县	xsx	360400
360425	永修县	yxx	360400
360426	德安县	dax	360400
360427	星子县	xzx	360400
360428	都昌县	dcx	360400
360429	湖口县	hkx	360400
360430	彭泽县	pzx	360400
360481	瑞昌市	rcs	360400
360499	共青城	gqc	360400
360500	新余市	xys	360000
360502	渝水区	ysq	360500
360521	分宜县	fyx	360500
360600	鹰潭市	yts	360000
360602	月湖区	yhq	360600
360622	余江县	yjx	360600
360681	贵溪市	gxs	360600
360700	赣州市	gzs	360000
360702	章贡区	zgq	360700
360721	赣县	gx	360700
360722	信丰县	xfx	360700
360723	大余县	dyx	360700
360724	上犹县	syx	360700
360725	崇义县	cyx	360700
360726	安远县	ayx	360700
360727	龙南县	lnx	360700
360728	定南县	dnx	360700
360729	全南县	qnx	360700
360730	宁都县	ndx	360700
360731	于都县	ydx	360700
360732	兴国县	xgx	360700
360733	会昌县	hcx	360700
360734	寻乌县	xwx	360700
360735	石城县	scx	360700
360781	瑞金市	rjs	360700
360782	南康市	nks	360700
360800	吉安市	jas	360000
360802	吉州区	jzq	360800
360803	青原区	qyq	360800
360821	吉安县	jax	360800
360822	吉水县	jsx	360800
360823	峡江县	xjx	360800
360824	新干县	xgx	360800
360825	永丰县	yfx	360800
360826	泰和县	thx	360800
360827	遂川县	scx	360800
360828	万安县	wax	360800
360829	安福县	afx	360800
360830	永新县	yxx	360800
360881	井冈山市	jgss	360800
360900	宜春市	ycs	360000
360902	袁州区	yzq	360900
360921	奉新县	fxx	360900
360922	万载县	wzx	360900
360923	上高县	sgx	360900
360924	宜丰县	yfx	360900
360925	靖安县	jax	360900
360926	铜鼓县	tgx	360900
360981	丰城市	fcs	360900
360982	樟树市	zss	360900
360983	高安市	gas	360900
361000	抚州市	fzs	360000
361002	临川区	lcq	361000
361021	南城县	ncx	361000
361022	黎川县	lcx	361000
361023	南丰县	nfx	361000
361024	崇仁县	crx	361000
361025	乐安县	lax	361000
361026	宜黄县	yhx	361000
361027	金溪县	jxx	361000
361028	资溪县	zxx	361000
361029	东乡县	dxx	361000
361030	广昌县	gcx	361000
361100	上饶市	srs	360000
361102	信州区	xzq	361100
361121	上饶县	srx	361100
361122	广丰县	gfx	361100
361123	玉山县	ysx	361100
361124	铅山县	qsx	361100
361125	横峰县	hfx	361100
361126	弋阳县	yyx	361100
361127	余干县	ygx	361100
361128	鄱阳县	pyx	361100
361129	万年县	wnx	361100
361130	婺源县	wyx	361100
361181	德兴市	dxs	361100
370000	山东省	sds	
370100	济南市	jns	370000
370102	历下区	lxq	370100
370103	市中区	szq	370100
370104	槐荫区	hyq	370100
370105	天桥区	tqq	370100
370112	历城区	lcq	370100
370113	长清区	cqq	370100
370124	平阴县	pyx	370100
370125	济阳县	jyx	370100
370126	商河县	shx	370100
370181	章丘市	zqs	370100
370200	青岛市	qds	370000
370202	市南区	snq	370200
370203	市北区	sbq	370200
370205	四方区	sfq	370200
370211	黄岛区	hdq	370200
370212	崂山区	lsq	370200
370213	李沧区	lcq	370200
370214	城阳区	cyq	370200
370281	胶州市	jzs	370200
370282	即墨市	jms	370200
370283	平度市	pds	370200
370284	胶南市	jns	370200
370285	莱西市	lxs	370200
370300	淄博市	zbs	370000
370302	淄川区	zcq	370300
370303	张店区	zdq	370300
370304	博山区	bsq	370300
370305	临淄区	lzq	370300
370306	周村区	zcq	370300
370321	桓台县	htx	370300
370322	高青县	gqx	370300
370323	沂源县	yyx	370300
370400	枣庄市	zzs	370000
370402	市中区	szq	370400
370403	薛城区	xcq	370400
370404	峄城区	ycq	370400
370405	台儿庄区	tezq	370400
370406	山亭区	stq	370400
370481	滕州市	tzs	370400
370500	东营市	dys	370000
370502	东营区	dyq	370500
370503	河口区	hkq	370500
370521	垦利县	klx	370500
370522	利津县	ljx	370500
370523	广饶县	grx	370500
370600	烟台市	yts	370000
370602	芝罘区	zfq	370600
370611	福山区	fsq	370600
370612	牟平区	mpq	370600
370613	莱山区	lsq	370600
370614	开发区	kfq	370600
370634	长岛县	cdx	370600
370681	龙口市	lks	370600
370682	莱阳市	lys	370600
370683	莱州市	lzs	370600
370684	蓬莱市	pls	370600
370685	招远市	zys	370600
370686	栖霞市	qxs	370600
370687	海阳市	hys	370600
370700	潍坊市	wfs	370000
370702	潍城区	wcq	370700
370703	寒亭区	htq	370700
370704	坊子区	fzq	370700
370705	奎文区	kwq	370700
370724	临朐县	lqx	370700
370725	昌乐县	clx	370700
370781	青州市	qzs	370700
370782	诸城市	zcs	370700
370783	寿光市	sgs	370700
370784	安丘市	aqs	370700
370785	高密市	gms	370700
370786	昌邑市	cys	370700
370800	济宁市	jns	370000
370802	市中区	szq	370800
370811	任城区	rcq	370800
370826	微山县	wsx	370800
370827	鱼台县	ytx	370800
370828	金乡县	jxx	370800
370829	嘉祥县	jxx	370800
370830	汶上县	wsx	370800
370831	泗水县	ssx	370800
370832	梁山县	lsx	370800
370881	曲阜市	qfs	370800
370882	兖州市	yzs	370800
370883	邹城市	zcs	370800
370900	泰安市	tas	370000
370902	泰山区	tsq	370900
370903	岱岳区	dyq	370900
370921	宁阳县	nyx	370900
370923	东平县	dpx	370900
370982	新泰市	xts	370900
370983	肥城市	fcs	370900
371000	威海市	whs	370000
371002	环翠区	hcq	371000
371081	文登市	wds	371000
371082	荣成市	rcs	371000
371083	乳山市	rss	371000
371100	日照市	rzs	370000
371102	东港区	dgq	371100
371103	岚山区	lsq	371100
371121	五莲县	wlx	371100
371122	莒县	jx	371100
371200	莱芜市	lws	370000
371202	莱城区	lcq	371200
371203	钢城区	gcq	371200
371300	临沂市	lys	370000
371302	兰山区	lsq	371300
371311	罗庄区	lzq	371300
371312	河东区	hdq	371300
371321	沂南县	ynx	371300
371322	郯城县	tcx	371300
371323	沂水县	ysx	371300
371324	苍山县	csx	371300
371325	费县	fx	371300
371326	平邑县	pyx	371300
371327	莒南县	jnx	371300
371328	蒙阴县	myx	371300
371329	临沭县	lsx	371300
371400	德州市	dzs	370000
371402	德城区	dcq	371400
371421	陵县	lx	371400
371422	宁津县	njx	371400
371423	庆云县	qyx	371400
371424	临邑县	lyx	371400
371425	齐河县	qhx	371400
371426	平原县	pyx	371400
371427	夏津县	xjx	371400
371428	武城县	wcx	371400
371481	乐陵市	lls	371400
371482	禹城市	ycs	371400
371500	聊城市	lcs	370000
371502	东昌府区	dcfq	371500
371521	阳谷县	ygx	371500
371522	莘县	sx	371500
371523	茌平县	cpx	371500
371524	东阿县	dax	371500
371525	冠县	gx	371500
371526	高唐县	gtx	371500
371581	临清市	lqs	371500
371600	滨州市	bzs	370000
371602	滨城区	bcq	371600
371621	惠民县	hmx	371600
371622	阳信县	yxx	371600
371623	无棣县	wdx	371600
371624	沾化县	zhx	371600
371625	博兴县	bxx	371600
371626	邹平县	zpx	371600
371700	荷泽市	hzs	370000
371702	牡丹区	mdq	371700
371721	曹县	cx	371700
371722	单县	dx	371700
371723	成武县	cwx	371700
371724	巨野县	jyx	371700
371725	郓城县	ycx	371700
371726	鄄城县	jcx	371700
371727	定陶县	dtx	371700
371728	东明县	dmx	371700
410000	河南省	hns	
410100	郑州市	zzs	410000
410102	中原区	zyq	410100
410103	二七区	eqq	410100
410104	管城回族区	gchzq	410100
410105	金水区	jsq	410100
410106	上街区	sjq	410100
410108	邙山区	msq	410100
410122	中牟县	zmx	410100
410181	巩义市	gys	410100
410182	荥阳市	xys	410100
410183	新密市	xms	410100
410184	新郑市	xzs	410100
410185	登封市	dfs	410100
410200	开封市	kfs	410000
410202	龙亭区	ltq	410200
410203	顺河回族区	shhzq	410200
410204	鼓楼区	glq	410200
410205	南关区	ngq	410200
410211	郊区	jq	410200
410221	杞县	qx	410200
410222	通许县	txx	410200
410223	尉氏县	wsx	410200
410224	开封县	kfx	410200
410225	兰考县	lkx	410200
410300	洛阳市	lys	410000
410302	老城区	lcq	410300
410303	西工区	xgq	410300
410304	廛河回族区	chhzq	410300
410305	涧西区	jxq	410300
410306	吉利区	jlq	410300
410307	洛龙区	llq	410300
410322	孟津县	mjx	410300
410323	新安县	xax	410300
410324	栾川县	lcx	410300
410325	嵩县	sx	410300
410326	汝阳县	ryx	410300
410327	宜阳县	yyx	410300
410328	洛宁县	lnx	410300
410329	伊川县	ycx	410300
410381	偃师市	yss	410300
410400	平顶山市	pdss	410000
410402	新华区	xhq	410400
410403	卫东区	wdq	410400
410404	石龙区	slq	410400
410411	湛河区	zhq	410400
410421	宝丰县	bfx	410400
410422	叶县	yx	410400
410423	鲁山县	lsx	410400
410425	郏县	jx	410400
410481	舞钢市	wgs	410400
410482	汝州市	rzs	410400
410500	安阳市	ays	410000
410502	文峰区	wfq	410500
410503	北关区	bgq	410500
410505	殷都区	ydq	410500
410506	龙安区	laq	410500
410522	安阳县	ayx	410500
410523	汤阴县	tyx	410500
410526	滑县	hx	410500
410527	内黄县	nhx	410500
410581	林州市	lzs	410500
410600	鹤壁市	hbs	410000
410602	鹤山区	hsq	410600
410603	山城区	scq	410600
410611	淇滨区	qbq	410600
410621	浚县	jx	410600
410622	淇县	qx	410600
410700	新乡市	xxs	410000
410702	红旗区	hqq	410700
410703	卫滨区	wbq	410700
410704	凤泉区	fqq	410700
410711	牧野区	myq	410700
410721	新乡县	xxx	410700
410724	获嘉县	hjx	410700
410725	原阳县	yyx	410700
410726	延津县	yjx	410700
410727	封丘县	fqx	410700
410728	长垣县	cyx	410700
410781	卫辉市	whs	410700
410782	辉县市	hxs	410700
410800	焦作市	jzs	410000
410802	解放区	jfq	410800
410803	中站区	zzq	410800
410804	马村区	mcq	410800
410811	山阳区	syq	410800
410821	修武县	xwx	410800
410822	博爱县	bax	410800
410823	武陟县	wzx	410800
410825	温县	wx	410800
410881	济源市	jys	410000
410882	沁阳市	qys	410800
410883	孟州市	mzs	410800
410900	濮阳市	pys	410000
410902	华龙区	hlq	410900
410922	清丰县	qfx	410900
410923	南乐县	nlx	410900
410926	范县	fx	410900
410927	台前县	tqx	410900
410928	濮阳县	pyx	410900
411000	许昌市	xcs	410000
411002	魏都区	wdq	411000
411023	许昌县	xcx	411000
411024	鄢陵县	ylx	411000
411025	襄城县	xcx	411000
411081	禹州市	yzs	411000
411082	长葛市	cgs	411000
411100	漯河市	lhs	410000
411102	源汇区	yhq	411100
411121	舞阳县	wyx	411100
411122	临颍县	lyx	411100
411123	郾城县	ycx	411100
411200	三门峡市	smxs	410000
411202	湖滨区	hbq	411200
411221	渑池县	mcx	411200
411222	陕县	sx	411200
411224	卢氏县	lsx	411200
411281	义马市	yms	411200
411282	灵宝市	lbs	411200
411300	南阳市	nys	410000
411302	宛城区	wcq	411300
411303	卧龙区	wlq	411300
411321	南召县	nzx	411300
411322	方城县	fcx	411300
411323	西峡县	xxx	411300
411324	镇平县	zpx	411300
411325	内乡县	nxx	411300
411326	淅川县	xcx	411300
411327	社旗县	sqx	411300
411328	唐河县	thx	411300
411329	新野县	xyx	411300
411330	桐柏县	tbx	411300
411381	邓州市	dzs	411300
411400	商丘市	sqs	410000
411402	梁园区	lyq	411400
411403	睢阳区	syq	411400
411421	民权县	mqx	411400
411422	睢县	sx	411400
411423	宁陵县	nlx	411400
411424	柘城县	zcx	411400
411425	虞城县	ycx	411400
411426	夏邑县	xyx	411400
411481	永城市	ycs	411400
411500	信阳市	xys	410000
411502	师河区	shq	411500
411503	平桥区	pqq	411500
411521	罗山县	lsx	411500
411522	光山县	gsx	411500
411523	新县	xx	411500
411524	商城县	scx	411500
411525	固始县	gsx	411500
411526	潢川县	hcx	411500
411527	淮滨县	hbx	411500
411528	息县	xx	411500
411600	周口市	zks	410000
411602	川汇区	chq	411600
411621	扶沟县	fgx	411600
411622	西华县	xhx	411600
411623	商水县	ssx	411600
411624	沈丘县	sqx	411600
411625	郸城县	dcx	411600
411626	淮阳县	hyx	411600
411627	太康县	tkx	411600
411628	鹿邑县	lyx	411600
411681	项城市	xcs	411600
411700	驻马店市	zmds	410000
411702	驿城区	ycq	411700
411721	西平县	xpx	411700
411722	上蔡县	scx	411700
411723	平舆县	pyx	411700
411724	正阳县	zyx	411700
411725	确山县	qsx	411700
411726	泌阳县	myx	411700
411727	汝南县	rnx	411700
411728	遂平县	spx	411700
411729	新蔡县	xcx	411700
420000	湖北省	hbs	
420100	武汉市	whs	420000
420102	江岸区	jaq	420100
420103	江汉区	jhq	420100
420104	桥口区	qkq	420100
420105	汉阳区	hyq	420100
420106	武昌区	wcq	420100
420107	青山区	qsq	420100
420111	洪山区	hsq	420100
420112	东西湖区	dxhq	420100
420113	汉南区	hnq	420100
420114	蔡甸区	cdq	420100
420115	江夏区	jxq	420100
420116	黄陂区	hbq	420100
420117	新洲区	xzq	420100
420200	黄石市	hss	420000
420202	黄石港区	hsgq	420200
420203	西塞山区	xssq	420200
420204	下陆区	xlq	420200
420205	铁山区	tsq	420200
420206	团城山开发区	tcskfq	420200
420222	阳新县	yxx	420200
420281	大冶市	dys	420200
420300	十堰市	sys	420000
420302	茅箭区	mjq	420300
420303	张湾区	zwq	420300
420321	郧县	yx	420300
420322	郧西县	yxx	420300
420323	竹山县	zsx	420300
420324	竹溪县	zxx	420300
420325	房县	fx	420300
420381	丹江口市	djks	420300
420500	宜昌市	ycs	420000
420502	西陵区	xlq	420500
420503	伍家岗区	wjgq	420500
420504	点军区	djq	420500
420505	虎亭区	htq	420500
420506	夷陵区	ylq	420500
420525	远安县	yax	420500
420526	兴山县	xsx	420500
420527	秭归县	zgx	420500
420528	长阳土家族自治县	cytjzzzx	420500
420529	五峰土家族自治县	wftjzzzx	420500
420581	宜都市	yds	420500
420582	当阳市	dys	420500
420583	枝江市	zjs	420500
420600	襄樊市	xfs	420000
420602	襄城区	xcq	420600
420606	樊城区	fcq	420600
420607	襄阳区	xyq	420600
420624	南漳县	nzx	420600
420625	谷城县	gcx	420600
420626	保康县	bkx	420600
420682	老河口市	lhks	420600
420683	枣阳市	zys	420600
420684	宜城市	ycs	420600
420685	汽车产业开发区	qccykfq	420600
420700	鄂州市	ezs	420000
420702	梁子湖区	lzhq	420700
420703	华容区	hrq	420700
420704	鄂城区	ecq	420700
420800	荆门市	jms	420000
420802	东宝区	dbq	420800
420804	掇刀区	ddq	420800
420821	京山县	jsx	420800
420822	沙洋县	syx	420800
420881	钟祥市	zxs	420800
420900	孝感市	xgs	420000
420902	孝南区	xnq	420900
420921	孝昌县	xcx	420900
420922	大悟县	dwx	420900
420923	云梦县	ymx	420900
420981	应城市	ycs	420900
420982	安陆市	als	420900
420984	汉川市	hcs	420900
421000	荆州市	jzs	420000
421002	沙市区	ssq	421000
421003	荆州区	jzq	421000
421022	公安县	gax	421000
421023	监利县	jlx	421000
421024	江陵县	jlx	421000
421081	石首市	sss	421000
421083	洪湖市	hhs	421000
421087	松滋市	szs	421000
421100	黄冈市	hgs	420000
421102	黄州区	hzq	421100
421121	团风县	tfx	421100
421122	红安县	hax	421100
421123	罗田县	ltx	421100
421124	英山县	ysx	421100
421125	浠水县	xsx	421100
421126	蕲春县	qcx	421100
421127	黄梅县	hmx	421100
421181	麻城市	mcs	421100
421182	武穴市	wxs	421100
421200	咸宁市	xns	420000
421202	咸安区	xaq	421200
421221	嘉鱼县	jyx	421200
421222	通城县	tcx	421200
421223	崇阳县	cyx	421200
421224	通山县	tsx	421200
421281	赤壁市	cbs	421200
421300	随州市	szs	420000
421302	曾都区	zdq	421300
421381	广水市	gss	421300
422800	恩施州	esz	420000
422801	恩施市	ess	422800
422802	利川市	lcs	422800
422822	建始县	jsx	422800
422823	巴东县	bdx	422800
422825	宣恩县	xex	422800
422826	咸丰县	xfx	422800
422827	来凤县	lfx	422800
422828	鹤峰县	hfx	422800
429004	仙桃市	xts	420000
429005	潜江市	qjs	420000
429006	天门市	tms	420000
429021	神农架林区	snjlq	420000
430000	湖南省	hns	
430100	长沙市	css	430000
430102	芙蓉区	frq	430100
430103	天心区	txq	430100
430104	岳麓区	ylq	430100
430105	开福区	kfq	430100
430111	雨花区	yhq	430100
430121	长沙县	csx	430100
430122	望城县	wcx	430100
430124	宁乡县	nxx	430100
430181	浏阳市	lys	430100
430200	株洲市	zzs	430000
430202	荷塘区	htq	430200
430203	芦淞区	lsq	430200
430204	石峰区	sfq	430200
430211	天元区	tyq	430200
430221	株洲县	zzx	430200
430223	攸县	yx	430200
430224	茶陵县	clx	430200
430225	炎陵县	ylx	430200
430281	醴陵市	lls	430200
430300	湘潭市	xts	430000
430302	雨湖区	yhq	430300
430304	岳塘区	ytq	430300
430321	湘潭县	xtx	430300
430381	湘乡市	xxs	430300
430382	韶山市	sss	430300
430400	衡阳市	hys	430000
430405	珠晖区	zhq	430400
430406	雁峰区	yfq	430400
430407	石鼓区	sgq	430400
430408	蒸湘区	zxq	430400
430412	南岳区	nyq	430400
430421	衡阳县	hyx	430400
430422	衡南县	hnx	430400
430423	衡山县	hsx	430400
430424	衡东县	hdx	430400
430426	祁东县	qdx	430400
430481	耒阳市	lys	430400
430482	常宁市	cns	430400
430500	邵阳市	sys	430000
430502	双清区	sqq	430500
430503	大祥区	dxq	430500
430511	北塔区	btq	430500
430521	邵东县	sdx	430500
430522	新邵县	xsx	430500
430523	邵阳县	syx	430500
430524	隆回县	lhx	430500
430525	洞口县	dkx	430500
430527	绥宁县	snx	430500
430528	新宁县	xnx	430500
430529	城步苗族自治县	cbmzzzx	430500
430581	武冈市	wgs	430500
430600	岳阳市	yys	430000
430602	岳阳楼区	yylq	430600
430603	云溪区	yxq	430600
430611	君山区	jsq	430600
430621	岳阳县	yyx	430600
430623	华容县	hrx	430600
430624	湘阴县	xyx	430600
430626	平江县	pjx	430600
430681	汨罗市	mls	430600
430682	临湘市	lxs	430600
430700	常德市	cds	430000
430702	武陵区	wlq	430700
430703	鼎城区	dcq	430700
430721	安乡县	axx	430700
430722	汉寿县	hsx	430700
430723	澧县	lx	430700
430724	临澧县	llx	430700
430725	桃源县	tyx	430700
430726	石门县	smx	430700
430781	津市市	jss	430700
430800	张家界市	zjjs	430000
430802	永定区	ydq	430800
430811	武陵源区	wlyq	430800
430821	慈利县	clx	430800
430822	桑植县	szx	430800
430900	益阳市	yys	430000
430902	资阳区	zyq	430900
430903	赫山区	hsq	430900
430921	南县	nx	430900
430922	桃江县	tjx	430900
430923	安化县	ahx	430900
430981	沅江市	yjs	430900
431000	郴州市	czs	430000
431002	北湖区	bhq	431000
431003	苏仙区	sxq	431000
431021	桂阳县	gyx	431000
431022	宜章县	yzx	431000
431023	永兴县	yxx	431000
431024	嘉禾县	jhx	431000
431025	临武县	lwx	431000
431026	汝城县	rcx	431000
431027	桂东县	gdx	431000
431028	安仁县	arx	431000
431081	资兴市	zxs	431000
431100	永州市	yzs	430000
431102	芝山区	zsq	431100
431103	冷水滩区	lstq	431100
431121	祁阳县	qyx	431100
431122	东安县	dax	431100
431123	双牌县	spx	431100
431124	道县	dx	431100
431125	江永县	jyx	431100
431126	宁远县	nyx	431100
431127	蓝山县	lsx	431100
431128	新田县	xtx	431100
431129	江华瑶族自治县	jhyzzzx	431100
431200	怀化市	hhs	430000
431202	鹤城区	hcq	431200
431221	中方县	zfx	431200
431222	沅陵县	ylx	431200
431223	辰溪县	cxx	431200
431224	溆浦县	xpx	431200
431225	会同县	htx	431200
431226	麻阳苗族自治县	mymzzzx	431200
431227	新晃侗族自治县	xhdzzzx	431200
431228	芷江侗族自治县	zjdzzzx	431200
431229	靖州苗族侗族自治县	jzmzdzzzx	431200
431230	通道侗族自治县	tddzzzx	431200
431281	洪江市	hjs	431200
431300	娄底市	lds	430000
431302	娄星区	lxq	431300
431321	双峰县	sfx	431300
431322	新化县	xhx	431300
431381	冷水江市	lsjs	431300
431382	涟源市	lys	431300
433100	湘西州	xxz	430000
433101	吉首市	jss	433100
433122	泸溪县	lxx	433100
433123	凤凰县	fhx	433100
433124	花垣县	hyx	433100
433125	保靖县	bjx	433100
433126	古丈县	gzx	433100
433127	永顺县	ysx	433100
433130	龙山县	lsx	433100
440000	广东省	gds	
440100	广州市	gzs	440000
440102	东山区	dsq	440100
440103	荔湾区	lwq	440100
440104	越秀区	yxq	440100
440105	海珠区	hzq	440100
440106	天河区	thq	440100
440107	芳村区	fcq	440100
440111	白云区	byq	440100
440112	黄埔区	hpq	440100
440113	番禺区	fyq	440100
440114	花都区	hdq	440100
440183	增城市	zcs	440100
440184	从化市	chs	440100
440200	韶关市	sgs	440000
440202	北江区	bjq	440200
440203	武江区	wjq	440200
440204	浈江区	zjq	440200
440221	曲江区	qjq	440200
440222	始兴县	sxx	440200
440224	仁化县	rhx	440200
440229	翁源县	wyx	440200
440232	乳源瑶族自治县	ryyzzzx	440200
440233	新丰县	xfx	440200
440281	乐昌市	lcs	440200
440282	南雄市	nxs	440200
440300	深圳市	szs	440000
440303	罗湖区	lhq	440300
440304	福田区	ftq	440300
440305	南山区	nsq	440300
440306	宝安区	baq	440300
440307	龙岗区	lgq	440300
440308	盐田区	ytq	440300
440400	珠海市	zhs	440000
440402	香洲区	xzq	440400
440403	斗门区	dmq	440400
440404	金湾区	jwq	440400
440500	汕头市	sts	440000
440507	龙湖区	lhq	440500
440508	市区	sq	440500
440511	金平区	jpq	440500
440512	濠江区	hjq	440500
440513	潮阳区	cyq	440500
440514	潮南区	cnq	440500
440515	澄海区	chq	440500
440523	南澳县	nax	440500
440600	佛山市	fss	440000
440604	禅城区	ccq	440600
440605	南海区	nhq	440600
440606	顺德区	sdq	440600
440607	三水区	ssq	440600
440608	高明区	gmq	440600
440700	江门市	jms	440000
440703	蓬江区	pjq	440700
440704	江海区	jhq	440700
440705	新会区	xhq	440700
440781	台山市	tss	440700
440783	开平市	kps	440700
440784	鹤山市	hss	440700
440785	恩平市	eps	440700
440800	湛江市	zjs	440000
440802	赤坎区	ckq	440800
440803	霞山区	xsq	440800
440804	坡头区	ptq	440800
440805	开发区	kfq	440800
440811	麻章区	mzq	440800
440823	遂溪县	sxx	440800
440825	徐闻县	xwx	440800
440881	廉江市	ljs	440800
440882	雷州市	lzs	440800
440883	吴川市	wcs	440800
440884	东海岛	dhd	440800
440900	茂名市	mms	440000
440902	茂南区	mnq	440900
440903	茂港区	mgq	440900
440923	电白县	dbx	440900
440981	高州市	gzs	440900
440982	化州市	hzs	440900
440983	信宜市	xys	440900
441200	肇庆市	zqs	440000
441202	端州区	dzq	441200
441203	鼎湖区	dhq	441200
441223	广宁县	gnx	441200
441224	怀集县	hjx	441200
441225	封开县	fkx	441200
441226	德庆县	dqx	441200
441283	高要市	gys	441200
441284	四会市	shs	441200
441300	惠州市	hzs	440000
441302	惠城区	hcq	441300
441303	惠阳区	hyq	441300
441322	博罗县	blx	441300
441323	惠东县	hdx	441300
441324	龙门县	lmx	441300
441400	梅州市	mzs	440000
441402	梅江区	mjq	441400
441421	梅县	mx	441400
441422	大埔县	dpx	441400
441423	丰顺县	fsx	441400
441424	五华县	whx	441400
441426	平远县	pyx	441400
441427	蕉岭县	qlx	441400
441481	兴宁市	xns	441400
441500	汕尾市	sws	440000
441502	城区	cq	441500
441503	华侨管理区	hqglq	441500
441521	海丰县	hfx	441500
441523	陆河县	lhx	441500
441581	陆丰市	lfs	441500
441582	红海湾经济开发试验区	hhwjjkfsyq	441500
441600	河源市	hys	440000
441602	源城区	ycq	441600
441621	紫金县	zjx	441600
441622	龙川县	lcx	441600
441623	连平县	lpx	441600
441624	和平县	hpx	441600
441625	东源县	dyx	441600
441700	阳江市	yjs	440000
441702	江城区	jcq	441700
441721	阳西县	yxx	441700
441723	阳东县	ydx	441700
441781	阳春市	ycs	441700
441800	清远市	qys	440000
441802	清城区	qcq	441800
441821	佛冈县	fgx	441800
441823	阳山县	ysx	441800
441825	连山壮族瑶族自治县	lszzyzzzx	441800
441826	连南瑶族自治县	lnyzzzx	441800
441827	清新县	qxx	441800
441881	英德市	yds	441800
441882	连州市	lzs	441800
441900	东莞市	dgs	440000
442000	中山市	zss	440000
445100	潮州市	czs	440000
445102	湘桥区	xqq	445100
445103	枫溪区	fxq	445100
445121	潮安县	cax	445100
445122	饶平县	rpx	445100
445200	揭阳市	jys	440000
445202	榕城区	rcq	445200
445203	东山区	dsq	445200
445204	经济开发实验区	jjkfsyq	445200
445221	揭东县	jdx	445200
445222	揭西县	jxx	445200
445224	惠来县	hlx	445200
445281	普宁市	pns	445200
445300	云浮市	yfs	440000
445302	云城区	ycq	445300
445321	新兴县	xxx	445300
445322	郁南县	ynx	445300
445323	云安县	yax	445300
445381	罗定市	lds	445300
450000	广西	gx	
450100	南宁市	nns	450000
450102	兴宁区	xnq	450100
450103	青秀区	qxq	450100
450104	城北区	cbq	450100
450105	江南区	jnq	450100
450106	永新区	yxq	450100
450107	西乡塘区	xxtq	450100
450108	良庆区	lqq	450100
450109	邕宁区	ynq	450100
450121	邕宁县	ynx	450100
450122	武鸣县	wmx	450100
450123	隆安县	lax	450100
450124	马山县	msx	450100
450125	上林县	slx	450100
450126	宾阳县	byx	450100
450127	横县	hx	450100
450200	柳州市	lzs	450000
450202	城中区	czq	450200
450203	鱼峰区	yfq	450200
450204	柳南区	lnq	450200
450205	柳北区	lbq	450200
450221	柳江县	ljx	450200
450222	柳城县	lcx	450200
450223	鹿寨县	lzx	450200
450224	融安县	rax	450200
450225	融水苗族自治县	rsmzzzx	450200
450226	三江侗族自治县	sjdzzzx	450200
450300	桂林市	gls	450000
450302	秀峰区	xfq	450300
450303	叠彩区	dcq	450300
450304	象山区	xsq	450300
450305	七星区	qxq	450300
450311	雁山区	ysq	450300
450321	阳朔县	ysx	450300
450322	临桂县	lgx	450300
450323	灵川县	lcx	450300
450324	全州县	qzx	450300
450325	兴安县	xax	450300
450326	永福县	yfx	450300
450327	灌阳县	gyx	450300
450328	龙胜各族自治县	lsgzzzx	450300
450329	资源县	zyx	450300
450330	平乐县	plx	450300
450331	荔蒲县	lpx	450300
450332	恭城瑶族自治县	gcyzzzx	450300
450400	梧州市	wzs	450000
450403	万秀区	wxq	450400
450404	蝶山区	dsq	450400
450405	长洲区	czq	450400
450421	苍梧县	cwx	450400
450422	藤县	tx	450400
450423	蒙山县	msx	450400
450481	岑溪市	cxs	450400
450500	北海市	bhs	450000
450502	海城区	hcq	450500
450503	银海区	yhq	450500
450512	铁山港区	tsgq	450500
450521	合浦县	hpx	450500
450600	防城港市	fcgs	450000
450602	港口区	gkq	450600
450603	防城区	fcq	450600
450621	上思县	ssx	450600
450681	东兴市	dxs	450600
450700	钦州市	qzs	450000
450702	钦南区	qnq	450700
450703	钦北区	qbq	450700
450721	灵山县	lsx	450700
450722	浦北县	pbx	450700
450800	贵港市	ggs	450000
450802	港北区	gbq	450800
450803	港南区	gnq	450800
450804	覃塘区	qtq	450800
450821	平南县	pnx	450800
450881	桂平市	gps	450800
450900	玉林市	yls	450000
450902	玉州区	yzq	450900
450921	容县	rx	450900
450922	陆川县	lcx	450900
450923	博白县	bbx	450900
450924	兴业县	xyx	450900
450981	北流市	bls	450900
451000	百色市	bss	450000
451002	右江区	yjq	451000
451021	田阳县	tyx	451000
451022	田东县	tdx	451000
451023	平果县	pgx	451000
451024	德保县	dbx	451000
451025	靖西县	jxx	451000
451026	那坡县	npx	451000
451027	凌云县	lyx	451000
451028	乐业县	lyx	451000
451029	田林县	tlx	451000
451030	西林县	xlx	451000
451031	隆林各族自治县	llgzzzx	451000
451100	贺州市	hzs	450000
451102	八步区	bbq	451100
451121	昭平县	zpx	451100
451122	钟山县	zsx	451100
451123	富川瑶族自治县	fcyzzzx	451100
451200	河池市	hcs	450000
451202	金城江区	jcjq	451200
451221	南丹县	ndx	451200
451222	天峨县	tex	451200
451223	凤山县	fsx	451200
451224	东兰县	dlx	451200
451225	罗城仫佬族自治县	lcmlzzzx	451200
451226	环江毛南族自治县	hjmnzzzx	451200
451227	巴马瑶族自治县	bmyzzzx	451200
451228	都安瑶族自治县	dayzzzx	451200
451229	大化瑶族自治县	dhyzzzx	451200
451281	宜州市	yzs	451200
451300	来宾市	lbs	450000
451302	兴宾区	xbq	451300
451321	忻城县	xcx	451300
451322	象州县	xzx	451300
451323	武宣县	wxx	451300
451324	金秀瑶族自治县	jxyzzzx	451300
451381	合山市	hss	451300
451400	崇左市	czs	450000
451402	江洲区	jzq	451400
451421	扶绥县	fsx	451400
451422	宁明县	nmx	451400
451423	龙州县	lzx	451400
451424	大新县	dxx	451400
451425	天等县	tdx	451400
451481	凭祥市	pxs	451400
460000	海南省	hns	
460100	海口市	hks	460000
460105	秀英区	xyq	460100
460106	龙华区	lhq	460100
460107	琼山区	qsq	460100
460108	美兰区	mlq	460100
460200	三亚市	sys	460000
469001	五指山市	wzss	460000
469002	琼海市	qhs	460000
469003	儋州市	dzs	460000
469005	文昌市	wcs	460000
469006	万宁市	wns	460000
469007	东方市	dfs	460000
469025	定安县	dax	460000
469026	屯昌县	tcx	460000
469027	澄迈县	cmx	460000
469028	临高县	lgx	460000
469030	白沙黎族自治县	bslzzzx	460000
469031	昌江黎族自治县	cjlzzzx	460000
469033	乐东黎族自治县	ldlzzzx	460000
469034	陵水黎族自治县	lslzzzx	460000
469035	保亭黎族苗族自治县	btlzmzzzx	460000
469036	琼中黎族苗族自治县	qzlzmzzzx	460000
469037	西沙群岛	xsqd	460000
469038	南沙群岛	nsqd	460000
469039	中沙群岛的岛礁及其海域	zsqdddjjqhy	460000
500000	重庆市	cqs	
500100	重庆市	cqs	500000
500101	万州区	wzq	500100
500102	涪陵区	flq	500100
500103	渝中区	yzq	500100
500104	大渡口区	ddkq	500100
500105	江北区	jbq	500100
500106	沙坪坝区	spbq	500100
500107	九龙坡区	jlpq	500100
500108	南岸区	naq	500100
500109	北碚区	bbq	500100
500110	万盛区	wsq	500100
500111	双桥区	sqq	500100
500112	渝北区	ybq	500100
500113	巴南区	bnq	500100
500114	黔江区	qjq	500100
500115	长寿区	csq	500100
500222	綦江县	qjx	500100
500223	潼南县	tnx	500100
500224	铜梁县	tlx	500100
500225	大足县	dzx	500100
500226	荣昌县	rcx	500100
500227	璧山县	bsx	500100
500228	梁平县	lpx	500100
500229	城口县	ckx	500100
500230	丰都县	fdx	500100
500231	垫江县	djx	500100
500232	武隆县	wlx	500100
500233	忠县	zx	500100
500234	开县	kx	500100
500235	云阳县	yyx	500100
500236	奉节县	fjx	500100
500237	巫山县	wsx	500100
500238	巫溪县	wxx	500100
500240	石柱土家族自治县	sztjzzzx	500100
500241	秀山土家族苗族自治县	xstjzmzzzx	500100
500242	酉阳土家族苗族自治县	yytjzmzzzx	500100
500243	彭水苗族土家族自治县	psmztjzzzx	500100
500381	江津市	jjs	500100
500382	合川市	hcs	500100
500383	永川市	ycs	500100
500384	南川市	ncs	500100
510000	四川省	scs	
510100	成都市	cds	510000
510104	锦江区	jjq	510100
510105	青羊区	qyq	510100
510106	金牛区	jnq	510100
510107	武侯区	whq	510100
510108	成华区	chq	510100
510109	高新区	gxq	510100
510110	高新西区	gxxq	510100
510112	龙泉驿区	lqyq	510100
510113	青白江区	qbjq	510100
510114	新都区	xdq	510100
510115	温江区	wjq	510100
510121	金堂县	jtx	510100
510122	双流县	slx	510100
510124	郫县	px	510100
510129	大邑县	dyx	510100
510131	蒲江县	pjx	510100
510132	新津县	xjx	510100
510181	都江堰市	djys	510100
510182	彭州市	pzs	510100
510183	邛崃市	qls	510100
510184	崇州市	czs	510100
510300	自贡市	zgs	510000
510302	自流井区	zljq	510300
510303	贡井区	gjq	510300
510304	大安区	daq	510300
510311	沿滩区	ytq	510300
510321	荣县	rx	510300
510322	富顺县	fsx	510300
510400	攀枝花市	pzhs	510000
510411	仁和区	rhq	510400
510421	米易县	myx	510400
510422	盐边县	ybx	510400
510500	泸州市	lzs	510000
510502	江阳区	jyq	510500
510503	纳溪区	nxq	510500
510504	龙马潭区	lmtq	510500
510521	泸县	lx	510500
510522	合江县	hjx	510500
510524	叙永县	xyx	510500
510525	古蔺县	glx	510500
510600	德阳市	dys	510000
510603	旌阳区	jyq	510600
510623	中江县	zjx	510600
510626	罗江县	ljx	510600
510681	广汉市	ghs	510600
510682	什邡市	sfs	510600
510683	绵竹市	mzs	510600
510700	绵阳市	mys	510000
510703	涪城区	fcq	510700
510704	游仙区	yxq	510700
510722	三台县	stx	510700
510723	盐亭县	ytx	510700
510724	安县	ax	510700
510725	梓潼县	ztx	510700
510726	北川羌族自治县	bcqzzzx	510700
510727	平武县	pwx	510700
510781	江油市	jys	510700
510800	广元市	gys	510000
510802	市中区	szq	510800
510811	元坝区	ybq	510800
510812	朝天区	ctq	510800
510821	旺苍县	wcx	510800
510822	青川县	qcx	510800
510823	剑阁县	jgx	510800
510824	苍溪县	cxx	510800
510900	遂宁市	sns	510000
510903	船山区	csq	510900
510904	安居区	ajq	510900
510921	蓬溪县	pxx	510900
510922	射洪县	shx	510900
510923	大英县	dyx	510900
511000	内江市	njs	510000
511002	市中区	szq	511000
511011	东兴区	dxq	511000
511024	威远县	wyx	511000
511025	资中县	zzx	511000
511028	隆昌县	lcx	511000
511100	乐山市	lss	510000
511102	市中区	szq	511100
511111	沙湾区	swq	511100
511112	五通桥区	wtqq	511100
511113	金口河区	jkhq	511100
511123	犍为县	jwx	511100
511124	井研县	jyx	511100
511126	夹江县	jjx	511100
511129	沐川县	mcx	511100
511132	峨边彝族自治县	ebyzzzx	511100
511133	马边彝族自治县	mbyzzzx	511100
511181	峨眉山市	emss	511100
511300	南充市	ncs	510000
511302	顺庆区	sqq	511300
511303	高坪区	gpq	511300
511304	嘉陵区	jlq	511300
511321	南部县	nbx	511300
511322	营山县	ysx	511300
511323	蓬安县	pax	511300
511324	仪陇县	ylx	511300
511325	西充县	xcx	511300
511381	阆中市	lzs	511300
511400	眉山市	mss	510000
511402	东坡区	dpq	511400
511421	仁寿县	rsx	511400
511422	彭山县	psx	511400
511423	洪雅县	hyx	511400
511424	丹棱县	dlx	511400
511425	青神县	qsx	511400
511500	宜宾市	ybs	510000
511502	翠屏区	cpq	511500
511521	宜宾县	ybx	511500
511522	南溪县	nxx	511500
511523	江安县	jax	511500
511524	长宁县	cnx	511500
511525	高县	gx	511500
511526	珙县	gx	511500
511527	筠连县	jlx	511500
511528	兴文县	xwx	511500
511529	屏山县	psx	511500
511600	广安市	gas	510000
511602	广安区	gaq	511600
511621	岳池县	ycx	511600
511622	武胜县	wsx	511600
511623	邻水县	lsx	511600
511681	华莹市	hys	511600
511700	达州市	dzs	510000
511702	通川区	tcq	511700
511721	达县	dx	511700
511722	宣汉县	xhx	511700
511723	开江县	kjx	511700
511724	大竹县	dzx	511700
511725	渠县	qx	511700
511781	万源市	wys	511700
511800	雅安市	yas	510000
511802	雨城区	ycq	511800
511821	名山县	msx	511800
511822	荥经县	xjx	511800
511823	汉源县	hyx	511800
511824	石棉县	smx	511800
511825	天全县	tqx	511800
511826	芦山县	lsx	511800
511827	宝兴县	bxx	511800
511900	巴中市	bzs	510000
511902	巴州区	bzq	511900
511921	通江县	tjx	511900
511922	南江县	njx	511900
511923	平昌县	pcx	511900
512000	资阳市	zys	510000
512002	雁江区	yjq	512000
512021	安岳县	ayx	512000
512022	乐至县	lzx	512000
512081	简阳市	jys	512000
513200	阿坝州	abz	510000
513221	汶川县	wcx	513200
513222	理县	lx	513200
513223	茂县	mx	513200
513224	松潘县	spx	513200
513225	九寨沟县	jzgx	513200
513226	金川县	jcx	513200
513227	小金县	xjx	513200
513228	黑水县	hsx	513200
513229	马尔康县	mekx	513200
513230	壤塘县	rtx	513200
513231	阿坝县	abx	513200
513232	若尔盖县	regx	513200
513233	红原县	hyx	513200
513300	甘孜州	gzz	510000
513321	康定县	kdx	513300
513322	泸定县	ldx	513300
513323	丹巴县	dbx	513300
513324	九龙县	jlx	513300
513325	雅江县	yjx	513300
513326	道孚县	dfx	513300
513327	炉霍县	lhx	513300
513328	甘孜县	gzx	513300
513329	新龙县	xlx	513300
513330	德格县	dgx	513300
513331	白玉县	byx	513300
513332	石渠县	sqx	513300
513333	色达县	sdx	513300
513334	理塘县	ltx	513300
513335	巴塘县	btx	513300
513336	乡城县	xcx	513300
513337	稻城县	dcx	513300
513338	得荣县	drx	513300
513400	凉山州	lsz	510000
513401	西昌市	xcs	513400
513422	木里藏族自治县	mlczzzx	513400
513423	盐源县	yyx	513400
513424	德昌县	dcx	513400
513425	会理县	hlx	513400
513426	会东县	hdx	513400
513427	宁南县	nnx	513400
513428	普格县	pgx	513400
513429	布拖县	btx	513400
513430	金阳县	jyx	513400
513431	昭觉县	zjx	513400
513432	喜德县	xdx	513400
513433	冕宁县	mnx	513400
513434	越西县	yxx	513400
513435	甘洛县	glx	513400
513436	美姑县	mgx	513400
513437	雷波县	lbx	513400
520000	贵州省	gzs	
520100	贵阳市	gys	520000
520102	南明区	nmq	520100
520103	云岩区	yyq	520100
520111	花溪区	hxq	520100
520112	乌当区	wdq	520100
520113	白云区	byq	520100
520114	小河区	xhq	520100
520121	开阳县	kyx	520100
520122	息烽县	xfx	520100
520123	修文县	xwx	520100
520181	清镇市	qzs	520100
520200	六盘水市	lpss	520000
520201	钟山区	zsq	520200
520203	六枝特区	lztq	520200
520221	水城县	scx	520200
520222	盘县	px	520200
520300	遵义市	zys	520000
520302	红花岗区	hhgq	520300
520303	汇川区	hcq	520300
520321	遵义县	zyx	520300
520322	桐梓县	tzx	520300
520323	绥阳县	syx	520300
520324	正安县	zax	520300
520325	道真仡佬族苗族自治县	dzglzmzzzx	520300
520326	务川仡佬族苗族自治县	wcglzmzzzx	520300
520327	凤冈县	fgx	520300
520328	湄潭县	mtx	520300
520329	余庆县	yqx	520300
520330	习水县	xsx	520300
520381	赤水市	css	520300
520382	仁怀市	rhs	520300
520400	安顺市	ass	520000
520402	西秀区	xxq	520400
520421	平坝县	pbx	520400
520422	普定县	pdx	520400
520423	镇宁布依族苗族自治县	znbyzmzzzx	520400
520424	关岭布依族苗族自治县	glbyzmzzzx	520400
520425	紫云苗族布依族自治县	zymzbyzzzx	520400
522200	铜仁地区	trdq	520000
522201	铜仁市	trs	522200
522222	江口县	jkx	522200
522223	玉屏侗族自治县	ypdzzzx	522200
522224	石阡县	sqx	522200
522225	思南县	snx	522200
522226	印江土家族苗族自治县	yjtjzmzzzx	522200
522227	德江县	djx	522200
522228	沿河土家族自治县	yhtjzzzx	522200
522229	松桃苗族自治县	stmzzzx	522200
522230	万山特区	wstq	522200
522300	黔西南州	qxnz	520000
522301	兴义市	xys	522300
522322	兴仁县	xrx	522300
522323	普安县	pax	522300
522324	晴隆县	qlx	522300
522325	贞丰县	zfx	522300
522326	望谟县	wmx	522300
522327	册亨县	chx	522300
522328	安龙县	alx	522300
522400	毕节地区	bjdq	520000
522401	毕节市	bjs	522400
522422	大方县	dfx	522400
522423	黔西县	qxx	522400
522424	金沙县	jsx	522400
522425	织金县	zjx	522400
522426	纳雍县	nyx	522400
522427	威宁彝族回族苗族自治县	wnyzhzmzzzx	522400
522428	赫章县	hzx	522400
522600	黔东南州	qdnz	520000
522601	凯里市	kls	522600
522622	黄平县	hpx	522600
522623	施秉县	sbx	522600
522624	三穗县	ssx	522600
522625	镇远县	zyx	522600
522626	岑巩县	cgx	522600
522627	天柱县	tzx	522600
522628	锦屏县	jpx	522600
522629	剑河县	jhx	522600
522630	台江县	tjx	522600
522631	黎平县	lpx	522600
522632	榕江县	rjx	522600
522633	从江县	cjx	522600
522634	雷山县	lsx	522600
522635	麻江县	mjx	522600
522636	丹寨县	dzx	522600
522700	黔南州	qnz	520000
522701	都匀市	dys	522700
522702	福泉市	fqs	522700
522722	荔波县	lbx	522700
522723	贵定县	gdx	522700
522725	瓮安县	wax	522700
522726	独山县	dsx	522700
522727	平塘县	ptx	522700
522728	罗甸县	ldx	522700
522729	长顺县	csx	522700
522730	龙里县	llx	522700
522731	惠水县	hsx	522700
522732	三都水族自治县	sdszzzx	522700
530000	云南省	yns	
530100	昆明市	kms	530000
530102	五华区	whq	530100
530103	盘龙区	plq	530100
530111	官渡区	gdq	530100
530112	西山区	xsq	530100
530113	东川区	dcq	530100
530121	呈贡县	cgx	530100
530122	晋宁县	jnx	530100
530124	富民县	fmx	530100
530125	宜良县	ylx	530100
530126	石林彝族自治县	slyzzzx	530100
530127	嵩明县	smx	530100
530128	禄劝彝族苗族自治县	lqyzmzzzx	530100
530129	寻甸回族彝族自治县	xdhzyzzzx	530100
530181	安宁市	ans	530100
530300	曲靖市	qjs	530000
530302	麒麟区	qlq	530300
530321	马龙县	mlx	530300
530322	陆良县	llx	530300
530323	师宗县	szx	530300
530324	罗平县	lpx	530300
530325	富源县	fyx	530300
530326	会泽县	hzx	530300
530328	沾益县	zyx	530300
530381	宣威市	xws	530300
530400	玉溪市	yxs	530000
530402	红塔区	htq	530400
530421	江川县	jcx	530400
530422	澄江县	cjx	530400
530423	通海县	thx	530400
530424	华宁县	hnx	530400
530425	易门县	ymx	530400
530426	峨山彝族自治县	esyzzzx	530400
530427	新平彝族傣族自治县	xpyzdzzzx	530400
530428	元江哈尼族彝族傣族自治县	yjhnzyzdzzzx	530400
530500	保山市	bss	530000
530502	隆阳区	lyq	530500
530521	施甸县	sdx	530500
530522	腾冲县	tcx	530500
530523	龙陵县	llx	530500
530524	昌宁县	cnx	530500
530600	昭通市	zts	530000
530602	昭阳区	zyq	530600
530621	鲁甸县	ldx	530600
530622	巧家县	qjx	530600
530623	盐津县	yjx	530600
530624	大关县	dgx	530600
530625	永善县	ysx	530600
530626	绥江县	sjx	530600
530627	镇雄县	zxx	530600
530628	彝良县	ylx	530600
530629	威信县	wxx	530600
530630	水富县	sfx	530600
530700	丽江市	ljs	530000
530702	古城区	gcq	530700
530721	玉龙纳西族自治县	ylnxzzzx	530700
530722	永胜县	ysx	530700
530723	华坪县	hpx	530700
530724	宁蒗彝族自治县	nlyzzzx	530700
530800	思茅市	sms	530000
530802	翠云区	cyq	530800
530821	普洱哈尼族彝族自治县	pehnzyzzzx	530800
530822	墨江哈尼族自治县	mjhnzzzx	530800
530823	景东彝族自治县	jdyzzzx	530800
530824	景谷傣族彝族自治县	jgdzyzzzx	530800
530825	镇沅彝族哈尼族拉祜族自治县	zyyzhnzlhzzzx	530800
530826	江城哈尼族彝族自治县	jchnzyzzzx	530800
530827	孟连傣族拉祜族佤族自治县	mldzlhzwzzzx	530800
530828	澜沧拉祜族自治县	lclhzzzx	530800
530829	西盟佤族自治县	xmwzzzx	530800
530900	临沧市	lcs	530000
530902	临翔区	lxq	530900
530921	凤庆县	fqx	530900
530922	云县	yx	530900
530923	永德县	ydx	530900
530924	镇康县	zkx	530900
530925	双江拉祜族佤族布朗族傣族自治县	sjlhzwzblzdzzzx	530900
530926	耿马傣族佤族自治县	gmdzwzzzx	530900
530927	沧源佤族自治县	cywzzzx	530900
532300	楚雄州	cxz	530000
532301	楚雄市	cxs	532300
532322	双柏县	sbx	532300
532323	牟定县	mdx	532300
532324	南华县	nhx	532300
532325	姚安县	yax	532300
532326	大姚县	dyx	532300
532327	永仁县	yrx	532300
532328	元谋县	ymx	532300
532329	武定县	wdx	532300
532331	禄丰县	lfx	532300
532500	红河州	hhz	530000
532501	个旧市	gjs	532500
532502	开远市	kys	532500
532522	蒙自县	mzx	532500
532523	屏边苗族自治县	pbmzzzx	532500
532524	建水县	jsx	532500
532525	石屏县	spx	532500
532526	弥勒县	mlx	532500
532527	泸西县	lxx	532500
532528	元阳县	yyx	532500
532529	红河县	hhx	532500
532530	金平苗族瑶族傣族自治县	jpmzyzdzzzx	532500
532531	绿春县	lcx	532500
532532	河口瑶族自治县	hkyzzzx	532500
532600	文山州	wsz	530000
532621	文山县	wsx	532600
532622	砚山县	ysx	532600
532623	西畴县	xcx	532600
532624	麻栗坡县	mlpx	532600
532625	马关县	mgx	532600
532626	丘北县	qbx	532600
532627	广南县	gnx	532600
532628	富宁县	fnx	532600
532800	西双版纳州	xsbnz	530000
532801	景洪市	jhs	532800
532822	勐海县	mhx	532800
532823	勐腊县	mlx	532800
532900	大理州	dlz	530000
532901	大理市	dls	532900
532922	漾濞彝族自治县	ybyzzzx	532900
532923	祥云县	xyx	532900
532924	宾川县	bcx	532900
532925	弥渡县	mdx	532900
532926	南涧彝族自治县	njyzzzx	532900
532927	巍山彝族回族自治县	wsyzhzzzx	532900
532928	永平县	ypx	532900
532929	云龙县	ylx	532900
532930	洱源县	eyx	532900
532931	剑川县	jcx	532900
532932	鹤庆县	hqx	532900
533100	德宏州	dhz	530000
533102	瑞丽市	rls	533100
533103	潞西市	lxs	533100
533122	梁河县	lhx	533100
533123	盈江县	yjx	533100
533124	陇川县	lcx	533100
533300	怒江州	njz	530000
533321	泸水县	lsx	533300
533323	福贡县	fgx	533300
533324	贡山独龙族怒族自治县	gsdlznzzzx	533300
533325	兰坪白族普米族自治县	lpbzpmzzzx	533300
533400	迪庆州	dqz	530000
533421	香格里拉县	xgllx	533400
533422	德钦县	dqx	533400
533423	维西傈僳族自治县	wxlszzzx	533400
540000	西藏	xz	
540100	拉萨市	lss	540000
540102	城关区	cgq	540100
540121	林周县	lzx	540100
540122	当雄县	dxx	540100
540123	尼木县	nmx	540100
540124	曲水县	qsx	540100
540125	堆龙德庆县	dldqx	540100
540126	达孜县	dzx	540100
540127	墨竹工卡县	mzgkx	540100
542100	昌都地区	cddq	540000
542121	昌都县	cdx	542100
542122	江达县	jdx	542100
542123	贡觉县	gjx	542100
542124	类乌齐县	lwqx	542100
542125	丁青县	dqx	542100
542126	察雅县	cyx	542100
542127	八宿县	bsx	542100
542128	左贡县	zgx	542100
542129	芒康县	mkx	542100
542132	洛隆县	llx	542100
542133	边坝县	bbx	542100
542200	山南地区	sndq	540000
542221	乃东县	ndx	542200
542222	扎囊县	znx	542200
542223	贡嘎县	ggx	542200
542224	桑日县	srx	542200
542225	琼结县	qjx	542200
542226	曲松县	qsx	542200
542227	措美县	cmx	542200
542228	洛扎县	lzx	542200
542229	加查县	jcx	542200
542231	隆子县	lzx	542200
542232	错那县	cnx	542200
542233	浪卡子县	lkzx	542200
542300	日喀则地区	rkzdq	540000
542301	日喀则市	rkzs	542300
542322	南木林县	nmlx	542300
542323	江孜县	jzx	542300
542324	定日县	drx	542300
542325	萨迦县	sjx	542300
542326	拉孜县	lzx	542300
542327	昂仁县	arx	542300
542328	谢通门县	xtmx	542300
542329	白朗县	blx	542300
542330	仁布县	rbx	542300
542331	康马县	kmx	542300
542332	定结县	djx	542300
542333	仲巴县	zbx	542300
542334	亚东县	ydx	542300
542335	吉隆县	jlx	542300
542336	聂拉木县	nlmx	542300
542337	萨嘎县	sgx	542300
542338	岗巴县	gbx	542300
542400	那曲地区	nqdq	540000
542421	那曲县	nqx	542400
542422	嘉黎县	jlx	542400
542423	比如县	brx	542400
542424	聂荣县	nrx	542400
542425	安多县	adx	542400
542426	申扎县	szx	542400
542427	索县	sx	542400
542428	班戈县	bgx	542400
542429	巴青县	bqx	542400
542430	尼玛县	nmx	542400
542500	阿里地区	aldq	540000
542521	普兰县	plx	542500
542522	札达县	zdx	542500
542523	噶尔县	gex	542500
542524	日土县	rtx	542500
542525	革吉县	gjx	542500
542526	改则县	gzx	542500
542527	措勤县	cqx	542500
542600	林芝地区	lzdq	540000
542621	林芝县	lzx	542600
542622	工布江达县	gbjdx	542600
542623	米林县	mlx	542600
542624	墨脱县	mtx	542600
542625	波密县	bmx	542600
542626	察隅县	cyx	542600
542627	朗县	lx	542600
610000	陕西省	sxs	
610100	西安市	xas	610000
610102	新城区	xcq	610100
610103	碑林区	blq	610100
610104	莲湖区	lhq	610100
610111	灞桥区	bqq	610100
610112	未央区	wyq	610100
610113	雁塔区	ytq	610100
610114	阎良区	ylq	610100
610115	临潼区	ltq	610100
610116	长安区	caq	610100
610122	蓝田县	ltx	610100
610124	周至县	zzx	610100
610125	户县	hx	610100
610126	高陵县	glx	610100
610200	铜川市	tcs	610000
610202	王益区	wyq	610200
610203	印台区	ytq	610200
610204	耀州区	yzq	610200
610205	新区	xq	610200
610222	宜君县	yjx	610200
610300	宝鸡市	bjs	610000
610302	渭滨区	wbq	610300
610303	金台区	jtq	610300
610304	陈仓区	ccq	610300
610322	凤翔县	fxx	610300
610323	岐山县	qsx	610300
610324	扶风县	ffx	610300
610326	眉县	mx	610300
610327	陇县	lx	610300
610328	千阳县	qyx	610300
610329	麟游县	lyx	610300
610330	凤县	fx	610300
610331	太白县	tbx	610300
610400	咸阳市	xys	610000
610402	秦都区	qdq	610400
610403	杨凌区	ylq	610400
610404	渭城区	wcq	610400
610422	三原县	syx	610400
610423	泾阳县	jyx	610400
610424	乾县	qx	610400
610425	礼泉县	lqx	610400
610426	永寿县	ysx	610400
610427	彬县	bx	610400
610428	长武县	cwx	610400
610429	旬邑县	xyx	610400
610430	淳化县	chx	610400
610431	武功县	wgx	610400
610481	兴平市	xps	610400
610500	渭南市	wns	610000
610502	临渭区	lwq	610500
610521	华县	hx	610500
610522	潼关县	tgx	610500
610523	大荔县	dlx	610500
610524	合阳县	hyx	610500
610525	澄城县	ccx	610500
610526	蒲城县	pcx	610500
610527	白水县	bsx	610500
610528	富平县	fpx	610500
610581	韩城市	hcs	610500
610582	华阴市	hys	610500
610600	延安市	yas	610000
610602	宝塔区	btq	610600
610621	延长县	ycx	610600
610622	延川县	ycx	610600
610623	子长县	zcx	610600
610624	安塞县	asx	610600
610625	志丹县	zdx	610600
610626	吴旗县	wqx	610600
610627	甘泉县	gqx	610600
610628	富县	fx	610600
610629	洛川县	lcx	610600
610630	宜川县	ycx	610600
610631	黄龙县	hlx	610600
610632	黄陵县	hlx	610600
610700	汉中市	hzs	610000
610702	汉台区	htq	610700
610721	南郑县	nzx	610700
610722	城固县	cgx	610700
610723	洋县	yx	610700
610724	西乡县	xxx	610700
610725	勉县	mx	610700
610726	宁强县	nqx	610700
610727	略阳县	lyx	610700
610728	镇巴县	zbx	610700
610729	留坝县	lbx	610700
610730	佛坪县	fpx	610700
610800	榆林市	yls	610000
610802	榆阳区	yyq	610800
610821	神木县	smx	610800
610822	府谷县	fgx	610800
610823	横山县	hsx	610800
610824	靖边县	jbx	610800
610825	定边县	dbx	610800
610826	绥德县	sdx	610800
610827	米脂县	mzx	610800
610828	佳县	jx	610800
610829	吴堡县	wbx	610800
610830	清涧县	qjx	610800
610831	子洲县	zzx	610800
610900	安康市	aks	610000
610902	汉滨区	hbq	610900
610921	汉阴县	hyx	610900
610922	石泉县	sqx	610900
610923	宁陕县	nsx	610900
610924	紫阳县	zyx	610900
610925	岚皋县	lgx	610900
610926	平利县	plx	610900
610927	镇坪县	zpx	610900
610928	旬阳县	xyx	610900
610929	白河县	bhx	610900
611000	商洛市	sls	610000
611002	商州区	szq	611000
611021	洛南县	lnx	611000
611022	丹凤县	dfx	611000
611023	商南县	snx	611000
611024	山阳县	syx	611000
611025	镇安县	zax	611000
611026	柞水县	zsx	611000
620000	甘肃省	gss	
620100	兰州市	lzs	620000
620102	城关区	cgq	620100
620103	七里河区	qlhq	620100
620104	西固区	xgq	620100
620105	安宁区	anq	620100
620111	红古区	hgq	620100
620121	永登县	ydx	620100
620122	皋兰县	glx	620100
620123	榆中县	yzx	620100
620200	嘉峪关市	jygs	620000
620300	金昌市	jcs	620000
620302	金川区	jcq	620300
620321	永昌县	ycx	620300
620400	白银市	bys	620000
620402	白银区	byq	620400
620403	平川区	pcq	620400
620421	靖远县	jyx	620400
620422	会宁县	hnx	620400
620423	景泰县	jtx	620400
620500	天水市	tss	620000
620502	秦城区	qcq	620500
620503	北道区	bdq	620500
620521	清水县	qsx	620500
620522	秦安县	qax	620500
620523	甘谷县	ggx	620500
620524	武山县	wsx	620500
620525	张家川回族自治县	zjchzzzx	620500
620600	武威市	wws	620000
620602	凉州区	lzq	620600
620621	民勤县	mqx	620600
620622	古浪县	glx	620600
620623	天祝藏族自治县	tzczzzx	620600
620700	张掖市	zys	620000
620702	甘州区	gzq	620700
620721	肃南裕固族自治县	snygzzzx	620700
620722	民乐县	mlx	620700
620723	临泽县	lzx	620700
620724	高台县	gtx	620700
620725	山丹县	sdx	620700
620800	平凉市	pls	620000
620802	崆峒区	kdq	620800
620821	泾川县	jcx	620800
620822	灵台县	ltx	620800
620823	崇信县	cxx	620800
620824	华亭县	htx	620800
620825	庄浪县	zlx	620800
620826	静宁县	jnx	620800
620900	酒泉市	jqs	620000
620902	肃州区	szq	620900
620921	金塔县	jtx	620900
620922	安西县	axx	620900
620923	肃北蒙古族自治县	sbmgzzzx	620900
620924	阿克塞哈萨克族自治县	akshskzzzx	620900
620981	玉门市	yms	620900
620982	敦煌市	dhs	620900
621000	庆阳市	qys	620000
621002	西峰区	xfq	621000
621021	庆城县	qcx	621000
621022	环县	hx	621000
621023	华池县	hcx	621000
621024	合水县	hsx	621000
621025	正宁县	znx	621000
621026	宁县	nx	621000
621027	镇原县	zyx	621000
621100	定西市	dxs	620000
621102	安定区	adq	621100
621121	通渭县	twx	621100
621122	陇西县	lxx	621100
621123	渭源县	wyx	621100
621124	临洮县	ltx	621100
621125	漳县	zx	621100
621126	岷县	mx	621100
621200	陇南市	lns	620000
621201	市辖区	sxq	621200
621202	武都区	wdq	621200
621221	成县	cx	621200
621222	文县	wx	621200
621223	宕昌县	dcx	621200
621224	康县	kx	621200
621225	西和县	xhx	621200
621226	礼县	lx	621200
621227	徽县	hx	621200
621228	两当县	ldx	621200
622900	临夏州	lxz	620000
622901	临夏市	lxs	622900
622921	临夏县	lxx	622900
622922	康乐县	klx	622900
622923	永靖县	yjx	622900
622924	广河县	ghx	622900
622925	和政县	hzx	622900
622926	东乡族自治县	dxzzzx	622900
622927	积石山保安族东乡族撒拉族自治县	jssbazdxzslzzzx	622900
623000	甘南州	gnz	620000
623001	合作市	hzs	623000
623021	临潭县	ltx	623000
623022	卓尼县	znx	623000
623023	舟曲县	zqx	623000
623024	迭部县	dbx	623000
623025	玛曲县	mqx	623000
623026	碌曲县	lqx	623000
623027	夏河县	xhx	623000
630000	青海省	qhs	
630100	西宁市	xns	630000
630102	城东区	cdq	630100
630103	城中区	czq	630100
630104	城西区	cxq	630100
630105	城北区	cbq	630100
630121	大通回族土族自治县	dthztzzzx	630100
630122	湟中县	hzx	630100
630123	湟源县	hyx	630100
632100	海东地区	hddq	630000
632121	平安县	pax	632100
632122	民和回族土族自治县	mhhztzzzx	632100
632123	乐都县	ldx	632100
632126	互助土族自治县	hztzzzx	632100
632127	化隆回族自治县	hlhzzzx	632100
632128	循化撒拉族自治县	xhslzzzx	632100
632200	海北州	hbz	630000
632221	门源回族自治县	myhzzzx	632200
632222	祁连县	qlx	632200
632223	海晏县	hyx	632200
632224	刚察县	gcx	632200
632300	黄南州	hnz	630000
632321	同仁县	trx	632300
632322	尖扎县	jzx	632300
632323	泽库县	zkx	632300
632324	河南蒙古族自治县	hnmgzzzx	632300
632500	海南州	hnz	630000
632521	共和县	ghx	632500
632522	同德县	tdx	632500
632523	贵德县	gdx	632500
632524	兴海县	xhx	632500
632525	贵南县	gnx	632500
632600	果洛州	glz	630000
632621	玛沁县	mqx	632600
632622	班玛县	bmx	632600
632623	甘德县	gdx	632600
632624	达日县	drx	632600
632625	久治县	jzx	632600
632626	玛多县	mdx	632600
632700	玉树州	ysz	630000
632721	玉树县	ysx	632700
632722	杂多县	zdx	632700
632723	称多县	cdx	632700
632724	治多县	zdx	632700
632725	囊谦县	nqx	632700
632726	曲麻莱县	qmlx	632700
632800	海西州	hxz	630000
632801	格尔木市	gems	632800
632802	德令哈市	dlhs	632800
632821	乌兰县	wlx	632800
632822	都兰县	dlx	632800
632823	天峻县	tjx	632800
632824	大柴旦	dcd	632800
632825	冷湖	lh	632800
632826	茫崖	my	632800
640000	宁夏	nx	
640100	银川市	ycs	640000
640104	兴庆区	xqq	640100
640105	西夏区	xxq	640100
640106	金凤区	jfq	640100
640121	永宁县	ynx	640100
640122	贺兰县	hlx	640100
640181	灵武市	lws	640100
640200	石嘴山市	szss	640000
640202	大武口区	dwkq	640200
640205	惠农区	hnq	640200
640221	平罗县	plx	640200
640300	吴忠市	wzs	640000
640302	利通区	ltq	640300
640323	盐池县	ycx	640300
640324	同心县	txx	640300
640381	青铜峡市	qtxs	640300
640400	固原市	gys	640000
640402	原州区	yzq	640400
640422	西吉县	xjx	640400
640423	隆德县	ldx	640400
640424	泾源县	jyx	640400
640425	彭阳县	pyx	640400
640500	中卫市	zws	640000
640502	沙坡头区	sptq	640500
640521	中宁县	znx	640500
640522	海原县	hyx	640500
650000	新疆	xj	
650100	乌鲁木齐市	wlmqs	650000
650102	天山区	tsq	650100
650103	沙依巴克区	sybkq	650100
650104	新市区	xsq	650100
650105	水磨沟区	smgq	650100
650106	头屯河区	tthq	650100
650107	达坂城区	dbcq	650100
650108	东山区	dsq	650100
650121	乌鲁木齐县	wlmqx	650100
650200	克拉玛依市	klmys	650000
650202	独山子区	dszq	650200
650203	克拉玛依区	klmyq	650200
650204	白碱滩区	bjtq	650200
650205	乌尔禾区	wehq	650200
652100	吐鲁番地区	tlfdq	650000
652101	吐鲁番市	tlfs	652100
652122	鄯善县	ssx	652100
652123	托克逊县	tkxx	652100
652200	哈密地区	hmdq	650000
652201	哈密市	hms	652200
652222	巴里坤哈萨克自治县	blkhskzzx	652200
652223	伊吾县	ywx	652200
652300	昌吉州	cjz	650000
652301	昌吉市	cjs	652300
652302	阜康市	fks	652300
652303	米泉市	mqs	652300
652323	呼图壁县	htbx	652300
652324	玛纳斯县	mnsx	652300
652325	奇台县	qtx	652300
652327	吉木萨尔县	jmsex	652300
652328	木垒哈萨克自治县	mlhskzzx	652300
652329	五家渠市	wjqs	652300
652700	博尔塔拉州	betlz	650000
652701	博乐市	bls	652700
652722	精河县	jhx	652700
652723	温泉县	wqx	652700
652800	巴音郭楞州	byglz	650000
652801	库尔勒市	kels	652800
652822	轮台县	ltx	652800
652823	尉犁县	wlx	652800
652824	若羌县	rqx	652800
652825	且末县	qmx	652800
652826	焉耆回族自治县	yqhzzzx	652800
652827	和静县	hjx	652800
652828	和硕县	hsx	652800
652829	博湖县	bhx	652800
652900	阿克苏地区	aksdq	650000
652901	阿克苏市	akss	652900
652922	温宿县	wsx	652900
652923	库车县	kcx	652900
652924	沙雅县	syx	652900
652925	新和县	xhx	652900
652926	拜城县	bcx	652900
652927	乌什县	wsx	652900
652928	阿瓦提县	awtx	652900
652929	柯坪县	kpx	652900
653000	克孜州	kzz	650000
653001	阿图什市	atss	653000
653022	阿克陶县	aktx	653000
653023	阿合奇县	ahqx	653000
653024	乌恰县	wqx	653000
653100	喀什地区	ksdq	650000
653101	喀什市	kss	653100
653121	疏附县	sfx	653100
653122	疏勒县	slx	653100
653123	英吉沙县	yjsx	653100
653124	泽普县	zpx	653100
653125	莎车县	scx	653100
653126	叶城县	ycx	653100
653127	麦盖提县	mgtx	653100
653128	岳普湖县	yphx	653100
653129	伽师县	jsx	653100
653130	巴楚县	bcx	653100
653131	塔什库尔干塔吉克自治县	tskegtjkzzx	653100
653200	和田地区	htdq	650000
653201	和田市	hts	653200
653221	和田县	htx	653200
653222	墨玉县	myx	653200
653223	皮山县	psx	653200
653224	洛浦县	lpx	653200
653225	策勒县	clx	653200
653226	于田县	ytx	653200
653227	民丰县	mfx	653200
654000	伊犁州	ylz	650000
654002	伊宁市	yns	654000
654003	奎屯市	kts	654000
654021	伊宁县	ynx	654000
654022	察布查尔锡伯自治县	cbcexbzzx	654000
654023	霍城县	hcx	654000
654024	巩留县	glx	654000
654025	新源县	xyx	654000
654026	昭苏县	zsx	654000
654027	特克斯县	tksx	654000
654028	尼勒克县	nlkx	654000
654200	塔城地区	tcdq	650000
654201	塔城市	tcs	654200
654202	乌苏市	wss	654200
654221	额敏县	emx	654200
654223	沙湾县	swx	654200
654224	托里县	tlx	654200
654225	裕民县	ymx	654200
654226	和布克赛尔蒙古自治县	hbksemgzzx	654200
654300	阿勒泰地区	altdq	650000
654301	阿勒泰市	alts	654300
654321	布尔津县	bejx	654300
654322	富蕴县	fyx	654300
654323	福海县	fhx	654300
654324	哈巴河县	hbhx	654300
654325	青河县	qhx	654300
654326	吉木乃县	jmnx	654300
654327	北屯镇	btz	654300
659001	石河子市	shzs	650000
659002	阿拉尔市	ales	650000
659003	图木舒克市	tmsks	650000
810000	香港特别行政区	xgtbxzq	
820000	澳门特别行政区	amtbxzq	
